id_mutation,date_mutation,numero_disposition,nature_mutation,valeur_fonciere,adresse_numero,adresse_suffixe,adresse_nom_voie,adresse_code_voie,code_postal,code_commune,nom_commune,code_departement,ancien_code_commune,ancien_nom_commune,id_parcelle,ancien_id_parcelle,numero_volume,lot1_numero,lot1_surface_carrez,lot2_numero,lot2_surface_carrez,lot3_numero,lot3_surface_carrez,lot4_numero,lot4_surface_carrez,lot5_numero,lot5_surface_carrez,nombre_lots,code_type_local,type_local,surface_reelle_bati,nombre_pieces_principales,code_nature_culture,nature_culture,code_nature_culture_speciale,nature_culture_speciale,surface_terrain,longitude,latitude
2024-1225294,2024-10-15,000001,Vente,32000000,38,,AV DES GOBELINS,4209,75013,75113,Paris 13e Arrondissement,75,,,75113000EV0021,,,,,,,,,,,,,0,3,Dépendance,,0,S,sols,,,1179,2.352184,48.835275
2024-1225294,2024-10-15,000001,Vente,32000000,38,,AV DES GOBELINS,4209,75013,75113,Paris 13e Arrondissement,75,,,75113000EV0021,,,,,,,,,,,,,0,3,Dépendance,,0,S,sols,,,1179,2.352184,48.835275
2024-1225294,2024-10-15,000001,Vente,32000000,38,,AV DES GOBELINS,4209,75013,75113,Paris 13e Arrondissement,75,,,75113000EV0021,,,,,,,,,,,,,0,3,Dépendance,,0,S,sols,,,1179,2.352184,48.835275
2024-1225294,2024-10-15,000001,Vente,32000000,38,,AV DES GOBELINS,4209,75013,75113,Paris 13e Arrondissement,75,,,75113000EV0021,,,,,,,,,,,,,0,2,Appartement,25,0,S,sols,,,1179,2.352184,48.835275
2024-1225294,2024-10-15,000001,Vente,32000000,38,,AV DES GOBELINS,4209,75013,75113,Paris 13e Arrondissement,75,,,75113000EV0021,,,,,,,,,,,,,0,2,Appartement,41,2,S,sols,,,1179,2.352184,48.835275
2024-1225294,2024-10-15,000001,Vente,32000000,38,,AV DES GOBELINS,4209,75013,75113,Paris 13e Arrondissement,75,,,75113000EV0021,,,,,,,,,,,,,0,2,Appartement,30,2,S,sols,,,1179,2.352184,48.835275
2024-1225294,2024-10-15,000001,Vente,32000000,38,,AV DES GOBELINS,4209,75013,75113,Paris 13e Arrondissement,75,,,75113000EV0021,,,,,,,,,,,,,0,2,Appartement,18,1,S,sols,,,1179,2.352184,48.835275
2024-1225294,2024-10-15,000001,Vente,32000000,38,,AV DES GOBELINS,4209,75013,75113,Paris 13e Arrondissement,75,,,75113000EV0021,,,,,,,,,,,,,0,2,Appartement,16,1,S,sols,,,1179,2.352184,48.835275
2024-1225294,2024-10-15,000001,Vente,32000000,38,,AV DES GOBELINS,4209,75013,75113,Paris 13e Arrondissement,75,,,75113000EV0021,,,,,,,,,,,,,0,2,Appartement,18,1,S,sols,,,1179,2.352184,48.835275
2024-1225294,2024-10-15,000001,Vente,32000000,38,,AV DES GOBELINS,4209,75013,75113,Paris 13e Arrondissement,75,,,75113000EV0021,,,,,,,,,,,,,0,2,Appartement,22,1,S,sols,,,1179,2.352184,48.835275
2024-1225294,2024-10-15,000001,Vente,32000000,38,,AV DES GOBELINS,4209,75013,75113,Paris 13e Arrondissement,75,,,75113000EV0021,,,,,,,,,,,,,0,2,Appartement,58,3,S,sols,,,1179,2.352184,48.835275
2024-1225294,2024-10-15,000001,Vente,32000000,38,,AV DES GOBELINS,4209,75013,75113,Paris 13e Arrondissement,75,,,75113000EV0021,,,,,,,,,,,,,0,2,Appartement,54,3,S,sols,,,1179,2.352184,48.835275
2024-1225294,2024-10-15,000001,Vente,32000000,38,,AV DES GOBELINS,4209,75013,75113,Paris 13e Arrondissement,75,,,75113000EV0021,,,,,,,,,,,,,0,2,Appartement,56,3,S,sols,,,1179,2.352184,48.835275
2024-1225294,2024-10-15,000001,Vente,32000000,38,,AV DES GOBELINS,4209,75013,75113,Paris 13e Arrondissement,75,,,75113000EV0021,,,,,,,,,,,,,0,2,Appartement,54,3,S,sols,,,1179,2.352184,48.835275
2024-1225294,2024-10-15,000001,Vente,32000000,38,,AV DES GOBELINS,4209,75013,75113,Paris 13e Arrondissement,75,,,75113000EV0021,,,,,,,,,,,,,0,2,Appartement,56,3,S,sols,,,1179,2.352184,48.835275
2024-1225294,2024-10-15,000001,Vente,32000000,38,,AV DES GOBELINS,4209,75013,75113,Paris 13e Arrondissement,75,,,75113000EV0021,,,,,,,,,,,,,0,2,Appartement,54,3,S,sols,,,1179,2.352184,48.835275
2024-1225294,2024-10-15,000001,Vente,32000000,38,,AV DES GOBELINS,4209,75013,75113,Paris 13e Arrondissement,75,,,75113000EV0021,,,,,,,,,,,,,0,2,Appartement,56,3,S,sols,,,1179,2.352184,48.835275
2024-1225294,2024-10-15,000001,Vente,32000000,38,,AV DES GOBELINS,4209,75013,75113,Paris 13e Arrondissement,75,,,75113000EV0021,,,,,,,,,,,,,0,3,Dépendance,,0,S,sols,,,1179,2.352184,48.835275
2024-1225294,2024-10-15,000001,Vente,32000000,38,,AV DES GOBELINS,4209,75013,75113,Paris 13e Arrondissement,75,,,75113000EV0021,,,,,,,,,,,,,0,2,Appartement,54,3,S,sols,,,1179,2.352184,48.835275
2024-1225294,2024-10-15,000001,Vente,32000000,38,,AV DES GOBELINS,4209,75013,75113,Paris 13e Arrondissement,75,,,75113000EV0021,,,,,,,,,,,,,0,2,Appartement,56,3,S,sols,,,1179,2.352184,48.835275
2024-1225294,2024-10-15,000001,Vente,32000000,38,,AV DES GOBELINS,4209,75013,75113,Paris 13e Arrondissement,75,,,75113000EV0021,,,,,,,,,,,,,0,2,Appartement,54,3,S,sols,,,1179,2.352184,48.835275
2024-1225294,2024-10-15,000001,Vente,32000000,38,,AV DES GOBELINS,4209,75013,75113,Paris 13e Arrondissement,75,,,75113000EV0021,,,,,,,,,,,,,0,4,Local industriel. commercial ou assimilé,27,0,S,sols,,,1179,2.352184,48.835275
2024-1225294,2024-10-15,000001,Vente,32000000,38,,AV DES GOBELINS,4209,75013,75113,Paris 13e Arrondissement,75,,,75113000EV0021,,,,,,,,,,,,,0,2,Appartement,77,4,S,sols,,,1179,2.352184,48.835275
2024-1225294,2024-10-15,000001,Vente,32000000,38,,AV DES GOBELINS,4209,75013,75113,Paris 13e Arrondissement,75,,,75113000EV0021,,,,,,,,,,,,,0,2,Appartement,35,2,S,sols,,,1179,2.352184,48.835275
2024-1225294,2024-10-15,000001,Vente,32000000,38,,AV DES GOBELINS,4209,75013,75113,Paris 13e Arrondissement,75,,,75113000EV0021,,,,,,,,,,,,,0,2,Appartement,77,4,S,sols,,,1179,2.352184,48.835275
2024-1225294,2024-10-15,000001,Vente,32000000,38,,AV DES GOBELINS,4209,75013,75113,Paris 13e Arrondissement,75,,,75113000EV0021,,,,,,,,,,,,,0,2,Appartement,35,2,S,sols,,,1179,2.352184,48.835275
2024-1225294,2024-10-15,000001,Vente,32000000,38,,AV DES GOBELINS,4209,75013,75113,Paris 13e Arrondissement,75,,,75113000EV0021,,,,,,,,,,,,,0,2,Appartement,77,4,S,sols,,,1179,2.352184,48.835275
2024-1225294,2024-10-15,000001,Vente,32000000,38,,AV DES GOBELINS,4209,75013,75113,Paris 13e Arrondissement,75,,,75113000EV0021,,,,,,,,,,,,,0,2,Appartement,35,2,S,sols,,,1179,2.352184,48.835275
2024-1225294,2024-10-15,000001,Vente,32000000,38,,AV DES GOBELINS,4209,75013,75113,Paris 13e Arrondissement,75,,,75113000EV0021,,,,,,,,,,,,,0,2,Appartement,76,3,S,sols,,,1179,2.352184,48.835275
2024-1225294,2024-10-15,000001,Vente,32000000,38,,AV DES GOBELINS,4209,75013,75113,Paris 13e Arrondissement,75,,,75113000EV0021,,,,,,,,,,,,,0,2,Appartement,35,2,S,sols,,,1179,2.352184,48.835275
2024-1225294,2024-10-15,000001,Vente,32000000,38,,AV DES GOBELINS,4209,75013,75113,Paris 13e Arrondissement,75,,,75113000EV0021,,,,,,,,,,,,,0,3,Dépendance,,0,S,sols,,,1179,2.352184,48.835275
2024-1225294,2024-10-15,000001,Vente,32000000,38,,AV DES GOBELINS,4209,75013,75113,Paris 13e Arrondissement,75,,,75113000EV0021,,,,,,,,,,,,,0,3,Dépendance,,0,S,sols,,,1179,2.352184,48.835275
2024-1225294,2024-10-15,000001,Vente,32000000,38,,AV DES GOBELINS,4209,75013,75113,Paris 13e Arrondissement,75,,,75113000EV0021,,,,,,,,,,,,,0,2,Appartement,77,4,S,sols,,,1179,2.352184,48.835275
2024-1225294,2024-10-15,000001,Vente,32000000,38,,AV DES GOBELINS,4209,75013,75113,Paris 13e Arrondissement,75,,,75113000EV0021,,,,,,,,,,,,,0,2,Appartement,35,2,S,sols,,,1179,2.352184,48.835275
2024-1225294,2024-10-15,000001,Vente,32000000,38,,AV DES GOBELINS,4209,75013,75113,Paris 13e Arrondissement,75,,,75113000EV0021,,,,,,,,,,,,,0,4,Local industriel. commercial ou assimilé,67,0,S,sols,,,1179,2.352184,48.835275
2024-1225294,2024-10-15,000001,Vente,32000000,38,,AV DES GOBELINS,4209,75013,75113,Paris 13e Arrondissement,75,,,75113000EV0021,,,,,,,,,,,,,0,2,Appartement,52,3,S,sols,,,1179,2.352184,48.835275
2024-1225294,2024-10-15,000001,Vente,32000000,38,,AV DES GOBELINS,4209,75013,75113,Paris 13e Arrondissement,75,,,75113000EV0021,,,,,,,,,,,,,0,3,Dépendance,,0,S,sols,,,1179,2.352184,48.835275
2024-1225294,2024-10-15,000001,Vente,32000000,38,,AV DES GOBELINS,4209,75013,75113,Paris 13e Arrondissement,75,,,75113000EV0021,,,,,,,,,,,,,0,3,Dépendance,,0,S,sols,,,1179,2.352184,48.835275
2024-1225294,2024-10-15,000001,Vente,32000000,38,,AV DES GOBELINS,4209,75013,75113,Paris 13e Arrondissement,75,,,75113000EV0021,,,,,,,,,,,,,0,3,Dépendance,,0,S,sols,,,1179,2.352184,48.835275
2024-1225294,2024-10-15,000001,Vente,32000000,38,,AV DES GOBELINS,4209,75013,75113,Paris 13e Arrondissement,75,,,75113000EV0021,,,,,,,,,,,,,0,3,Dépendance,,0,S,sols,,,1179,2.352184,48.835275
2024-1225294,2024-10-15,000001,Vente,32000000,38,,AV DES GOBELINS,4209,75013,75113,Paris 13e Arrondissement,75,,,75113000EV0021,,,,,,,,,,,,,0,2,Appartement,59,3,S,sols,,,1179,2.352184,48.835275
2024-1225294,2024-10-15,000001,Vente,32000000,38,,AV DES GOBELINS,4209,75013,75113,Paris 13e Arrondissement,75,,,75113000EV0021,,,,,,,,,,,,,0,3,Dépendance,,0,S,sols,,,1179,2.352184,48.835275
2024-1225294,2024-10-15,000001,Vente,32000000,38,,AV DES GOBELINS,4209,75013,75113,Paris 13e Arrondissement,75,,,75113000EV0021,,,,,,,,,,,,,0,3,Dépendance,,0,S,sols,,,1179,2.352184,48.835275
2024-1225294,2024-10-15,000001,Vente,32000000,38,,AV DES GOBELINS,4209,75013,75113,Paris 13e Arrondissement,75,,,75113000EV0021,,,,,,,,,,,,,0,3,Dépendance,,0,S,sols,,,1179,2.352184,48.835275
2024-1225294,2024-10-15,000001,Vente,32000000,38,,AV DES GOBELINS,4209,75013,75113,Paris 13e Arrondissement,75,,,75113000EV0021,,,,,,,,,,,,,0,3,Dépendance,,0,S,sols,,,1179,2.352184,48.835275
2024-1225294,2024-10-15,000001,Vente,32000000,38,,AV DES GOBELINS,4209,75013,75113,Paris 13e Arrondissement,75,,,75113000EV0021,,,,,,,,,,,,,0,3,Dépendance,,0,S,sols,,,1179,2.352184,48.835275
2024-1225294,2024-10-15,000001,Vente,32000000,38,,AV DES GOBELINS,4209,75013,75113,Paris 13e Arrondissement,75,,,75113000EV0021,,,,,,,,,,,,,0,2,Appartement,18,1,S,sols,,,1179,2.352184,48.835275
2024-1225294,2024-10-15,000001,Vente,32000000,38,,AV DES GOBELINS,4209,75013,75113,Paris 13e Arrondissement,75,,,75113000EV0021,,,,,,,,,,,,,0,2,Appartement,21,1,S,sols,,,1179,2.352184,48.835275
2024-1225294,2024-10-15,000001,Vente,32000000,38,,AV DES GOBELINS,4209,75013,75113,Paris 13e Arrondissement,75,,,75113000EV0021,,,,,,,,,,,,,0,2,Appartement,29,2,S,sols,,,1179,2.352184,48.835275
2024-1225294,2024-10-15,000001,Vente,32000000,38,,AV DES GOBELINS,4209,75013,75113,Paris 13e Arrondissement,75,,,75113000EV0021,,,,,,,,,,,,,0,2,Appartement,44,2,S,sols,,,1179,2.352184,48.835275
2024-1225294,2024-10-15,000001,Vente,32000000,38,,AV DES GOBELINS,4209,75013,75113,Paris 13e Arrondissement,75,,,75113000EV0021,,,,,,,,,,,,,0,2,Appartement,28,2,S,sols,,,1179,2.352184,48.835275
2024-1225294,2024-10-15,000001,Vente,32000000,38,,AV DES GOBELINS,4209,75013,75113,Paris 13e Arrondissement,75,,,75113000EV0021,,,,,,,,,,,,,0,2,Appartement,19,1,S,sols,,,1179,2.352184,48.835275
2024-1225294,2024-10-15,000001,Vente,32000000,38,,AV DES GOBELINS,4209,75013,75113,Paris 13e Arrondissement,75,,,75113000EV0021,,,,,,,,,,,,,0,2,Appartement,66,3,S,sols,,,1179,2.352184,48.835275
2024-1225294,2024-10-15,000001,Vente,32000000,38,,AV DES GOBELINS,4209,75013,75113,Paris 13e Arrondissement,75,,,75113000EV0021,,,,,,,,,,,,,0,2,Appartement,62,3,S,sols,,,1179,2.352184,48.835275
2024-1225294,2024-10-15,000001,Vente,32000000,38,,AV DES GOBELINS,4209,75013,75113,Paris 13e Arrondissement,75,,,75113000EV0021,,,,,,,,,,,,,0,2,Appartement,62,3,S,sols,,,1179,2.352184,48.835275
2024-1225294,2024-10-15,000001,Vente,32000000,38,,AV DES GOBELINS,4209,75013,75113,Paris 13e Arrondissement,75,,,75113000EV0021,,,,,,,,,,,,,0,2,Appartement,59,3,S,sols,,,1179,2.352184,48.835275
2024-1225294,2024-10-15,000001,Vente,32000000,38,,AV DES GOBELINS,4209,75013,75113,Paris 13e Arrondissement,75,,,75113000EV0021,,,,,,,,,,,,,0,3,Dépendance,,0,S,sols,,,1179,2.352184,48.835275
2024-1225294,2024-10-15,000001,Vente,32000000,38,,AV DES GOBELINS,4209,75013,75113,Paris 13e Arrondissement,75,,,75113000EV0021,,,,,,,,,,,,,0,3,Dépendance,,0,S,sols,,,1179,2.352184,48.835275
2024-1225294,2024-10-15,000001,Vente,32000000,38,,AV DES GOBELINS,4209,75013,75113,Paris 13e Arrondissement,75,,,75113000EV0021,,,,,,,,,,,,,0,3,Dépendance,,0,S,sols,,,1179,2.352184,48.835275
2024-1225294,2024-10-15,000001,Vente,32000000,38,,AV DES GOBELINS,4209,75013,75113,Paris 13e Arrondissement,75,,,75113000EV0021,,,,,,,,,,,,,0,3,Dépendance,,0,S,sols,,,1179,2.352184,48.835275
2024-1225294,2024-10-15,000001,Vente,32000000,38,,AV DES GOBELINS,4209,75013,75113,Paris 13e Arrondissement,75,,,75113000EV0021,,,,,,,,,,,,,0,3,Dépendance,,0,S,sols,,,1179,2.352184,48.835275
2024-1225294,2024-10-15,000001,Vente,32000000,38,,AV DES GOBELINS,4209,75013,75113,Paris 13e Arrondissement,75,,,75113000EV0021,,,,,,,,,,,,,0,3,Dépendance,,0,S,sols,,,1179,2.352184,48.835275
2024-1225294,2024-10-15,000001,Vente,32000000,38,,AV DES GOBELINS,4209,75013,75113,Paris 13e Arrondissement,75,,,75113000EV0021,,,,,,,,,,,,,0,3,Dépendance,,0,S,sols,,,1179,2.352184,48.835275
2024-1225294,2024-10-15,000001,Vente,32000000,38,,AV DES GOBELINS,4209,75013,75113,Paris 13e Arrondissement,75,,,75113000EV0021,,,,,,,,,,,,,0,3,Dépendance,,0,S,sols,,,1179,2.352184,48.835275
2024-1225294,2024-10-15,000001,Vente,32000000,38,,AV DES GOBELINS,4209,75013,75113,Paris 13e Arrondissement,75,,,75113000EV0021,,,,,,,,,,,,,0,3,Dépendance,,0,S,sols,,,1179,2.352184,48.835275
2024-1225294,2024-10-15,000001,Vente,32000000,38,,AV DES GOBELINS,4209,75013,75113,Paris 13e Arrondissement,75,,,75113000EV0021,,,,,,,,,,,,,0,3,Dépendance,,0,S,sols,,,1179,2.352184,48.835275
2024-1225294,2024-10-15,000001,Vente,32000000,38,,AV DES GOBELINS,4209,75013,75113,Paris 13e Arrondissement,75,,,75113000EV0021,,,,,,,,,,,,,0,3,Dépendance,,0,S,sols,,,1179,2.352184,48.835275
2024-1225294,2024-10-15,000001,Vente,32000000,38,,AV DES GOBELINS,4209,75013,75113,Paris 13e Arrondissement,75,,,75113000EV0021,,,,,,,,,,,,,0,3,Dépendance,,0,S,sols,,,1179,2.352184,48.835275
2024-1225294,2024-10-15,000001,Vente,32000000,38,,AV DES GOBELINS,4209,75013,75113,Paris 13e Arrondissement,75,,,75113000EV0021,,,,,,,,,,,,,0,3,Dépendance,,0,S,sols,,,1179,2.352184,48.835275
2024-1225294,2024-10-15,000001,Vente,32000000,38,,AV DES GOBELINS,4209,75013,75113,Paris 13e Arrondissement,75,,,75113000EV0021,,,,,,,,,,,,,0,3,Dépendance,,0,S,sols,,,1179,2.352184,48.835275
2024-1225294,2024-10-15,000001,Vente,32000000,38,,AV DES GOBELINS,4209,75013,75113,Paris 13e Arrondissement,75,,,75113000EV0021,,,,,,,,,,,,,0,3,Dépendance,,0,S,sols,,,1179,2.352184,48.835275
2024-1225294,2024-10-15,000001,Vente,32000000,38,,AV DES GOBELINS,4209,75013,75113,Paris 13e Arrondissement,75,,,75113000EV0021,,,,,,,,,,,,,0,3,Dépendance,,0,S,sols,,,1179,2.352184,48.835275
2024-1225294,2024-10-15,000001,Vente,32000000,38,,AV DES GOBELINS,4209,75013,75113,Paris 13e Arrondissement,75,,,75113000EV0021,,,,,,,,,,,,,0,3,Dépendance,,0,S,sols,,,1179,2.352184,48.835275
2024-1225294,2024-10-15,000001,Vente,32000000,38,,AV DES GOBELINS,4209,75013,75113,Paris 13e Arrondissement,75,,,75113000EV0021,,,,,,,,,,,,,0,3,Dépendance,,0,S,sols,,,1179,2.352184,48.835275
2024-1225294,2024-10-15,000001,Vente,32000000,38,,AV DES GOBELINS,4209,75013,75113,Paris 13e Arrondissement,75,,,75113000EV0021,,,,,,,,,,,,,0,3,Dépendance,,0,S,sols,,,1179,2.352184,48.835275
2024-1225294,2024-10-15,000001,Vente,32000000,38,,AV DES GOBELINS,4209,75013,75113,Paris 13e Arrondissement,75,,,75113000EV0021,,,,,,,,,,,,,0,3,Dépendance,,0,S,sols,,,1179,2.352184,48.835275
2024-1225294,2024-10-15,000001,Vente,32000000,38,,AV DES GOBELINS,4209,75013,75113,Paris 13e Arrondissement,75,,,75113000EV0021,,,,,,,,,,,,,0,3,Dépendance,,0,S,sols,,,1179,2.352184,48.835275
2024-1225294,2024-10-15,000001,Vente,32000000,38,,AV DES GOBELINS,4209,75013,75113,Paris 13e Arrondissement,75,,,75113000EV0021,,,,,,,,,,,,,0,3,Dépendance,,0,S,sols,,,1179,2.352184,48.835275
2024-1225294,2024-10-15,000001,Vente,32000000,38,,AV DES GOBELINS,4209,75013,75113,Paris 13e Arrondissement,75,,,75113000EV0021,,,,,,,,,,,,,0,3,Dépendance,,0,S,sols,,,1179,2.352184,48.835275
2024-1225294,2024-10-15,000001,Vente,32000000,38,,AV DES GOBELINS,4209,75013,75113,Paris 13e Arrondissement,75,,,75113000EV0021,,,,,,,,,,,,,0,3,Dépendance,,0,S,sols,,,1179,2.352184,48.835275
2024-1225294,2024-10-15,000001,Vente,32000000,38,,AV DES GOBELINS,4209,75013,75113,Paris 13e Arrondissement,75,,,75113000EV0021,,,,,,,,,,,,,0,3,Dépendance,,0,S,sols,,,1179,2.352184,48.835275
2024-1225294,2024-10-15,000001,Vente,32000000,38,,AV DES GOBELINS,4209,75013,75113,Paris 13e Arrondissement,75,,,75113000EV0021,,,,,,,,,,,,,0,2,Appartement,31,3,S,sols,,,1179,2.352184,48.835275
2024-1225294,2024-10-15,000001,Vente,32000000,38,,AV DES GOBELINS,4209,75013,75113,Paris 13e Arrondissement,75,,,75113000EV0021,,,,,,,,,,,,,0,2,Appartement,17,1,S,sols,,,1179,2.352184,48.835275
2024-1225294,2024-10-15,000001,Vente,32000000,38,,AV DES GOBELINS,4209,75013,75113,Paris 13e Arrondissement,75,,,75113000EV0021,,,,,,,,,,,,,0,2,Appartement,31,3,S,sols,,,1179,2.352184,48.835275
2024-1225294,2024-10-15,000001,Vente,32000000,38,,AV DES GOBELINS,4209,75013,75113,Paris 13e Arrondissement,75,,,75113000EV0021,,,,,,,,,,,,,0,2,Appartement,52,3,S,sols,,,1179,2.352184,48.835275
2024-1225294,2024-10-15,000001,Vente,32000000,38,,AV DES GOBELINS,4209,75013,75113,Paris 13e Arrondissement,75,,,75113000EV0021,,,,,,,,,,,,,0,2,Appartement,17,1,S,sols,,,1179,2.352184,48.835275
2024-1225294,2024-10-15,000001,Vente,32000000,38,,AV DES GOBELINS,4209,75013,75113,Paris 13e Arrondissement,75,,,75113000EV0021,,,,,,,,,,,,,0,2,Appartement,52,3,S,sols,,,1179,2.352184,48.835275
2024-1225294,2024-10-15,000001,Vente,32000000,38,,AV DES GOBELINS,4209,75013,75113,Paris 13e Arrondissement,75,,,75113000EV0021,,,,,,,,,,,,,0,2,Appartement,31,3,S,sols,,,1179,2.352184,48.835275
2024-1225294,2024-10-15,000001,Vente,32000000,38,,AV DES GOBELINS,4209,75013,75113,Paris 13e Arrondissement,75,,,75113000EV0021,,,,,,,,,,,,,0,2,Appartement,17,1,S,sols,,,1179,2.352184,48.835275
2024-1225294,2024-10-15,000001,Vente,32000000,38,,AV DES GOBELINS,4209,75013,75113,Paris 13e Arrondissement,75,,,75113000EV0021,,,,,,,,,,,,,0,2,Appartement,32,3,S,sols,,,1179,2.352184,48.835275
2024-1225294,2024-10-15,000001,Vente,32000000,38,,AV DES GOBELINS,4209,75013,75113,Paris 13e Arrondissement,75,,,75113000EV0021,,,,,,,,,,,,,0,2,Appartement,52,3,S,sols,,,1179,2.352184,48.835275
2024-1225294,2024-10-15,000001,Vente,32000000,38,,AV DES GOBELINS,4209,75013,75113,Paris 13e Arrondissement,75,,,75113000EV0021,,,,,,,,,,,,,0,2,Appartement,17,1,S,sols,,,1179,2.352184,48.835275
2024-1225294,2024-10-15,000001,Vente,32000000,38,,AV DES GOBELINS,4209,75013,75113,Paris 13e Arrondissement,75,,,75113000EV0021,,,,,,,,,,,,,0,2,Appartement,32,3,S,sols,,,1179,2.352184,48.835275
2024-1225294,2024-10-15,000001,Vente,32000000,38,,AV DES GOBELINS,4209,75013,75113,Paris 13e Arrondissement,75,,,75113000EV0021,,,,,,,,,,,,,0,2,Appartement,52,3,S,sols,,,1179,2.352184,48.835275
2024-1225294,2024-10-15,000001,Vente,32000000,38,,AV DES GOBELINS,4209,75013,75113,Paris 13e Arrondissement,75,,,75113000EV0021,,,,,,,,,,,,,0,2,Appartement,17,1,S,sols,,,1179,2.352184,48.835275
2024-1225294,2024-10-15,000001,Vente,32000000,38,,AV DES GOBELINS,4209,75013,75113,Paris 13e Arrondissement,75,,,75113000EV0021,,,,,,,,,,,,,0,2,Appartement,32,3,S,sols,,,1179,2.352184,48.835275
2024-1225294,2024-10-15,000001,Vente,32000000,38,,AV DES GOBELINS,4209,75013,75113,Paris 13e Arrondissement,75,,,75113000EV0021,,,,,,,,,,,,,0,2,Appartement,21,1,S,sols,,,1179,2.352184,48.835275
2024-1225294,2024-10-15,000001,Vente,32000000,38,,AV DES GOBELINS,4209,75013,75113,Paris 13e Arrondissement,75,,,75113000EV0021,,,,,,,,,,,,,0,2,Appartement,17,1,S,sols,,,1179,2.352184,48.835275
2024-1225294,2024-10-15,000001,Vente,32000000,38,,AV DES GOBELINS,4209,75013,75113,Paris 13e Arrondissement,75,,,75113000EV0021,,,,,,,,,,,,,0,4,Local industriel. commercial ou assimilé,96,0,S,sols,,,1179,2.352184,48.835275
2024-1225294,2024-10-15,000001,Vente,32000000,38,,AV DES GOBELINS,4209,75013,75113,Paris 13e Arrondissement,75,,,75113000EV0021,,,,,,,,,,,,,0,2,Appartement,12,1,S,sols,,,1179,2.352184,48.835275
2024-1225294,2024-10-15,000001,Vente,32000000,38,,AV DES GOBELINS,4209,75013,75113,Paris 13e Arrondissement,75,,,75113000EV0021,,,,,,,,,,,,,0,2,Appartement,34,2,S,sols,,,1179,2.352184,48.835275
2024-1225294,2024-10-15,000001,Vente,32000000,38,,AV DES GOBELINS,4209,75013,75113,Paris 13e Arrondissement,75,,,75113000EV0021,,,,,,,,,,,,,0,2,Appartement,76,4,S,sols,,,1179,2.352184,48.835275
2024-1225294,2024-10-15,000001,Vente,32000000,38,,AV DES GOBELINS,4209,75013,75113,Paris 13e Arrondissement,75,,,75113000EV0021,,,,,,,,,,,,,0,4,Local industriel. commercial ou assimilé,98,0,S,sols,,,1179,2.352184,48.835275
2024-1225294,2024-10-15,000001,Vente,32000000,38,,AV DES GOBELINS,4209,75013,75113,Paris 13e Arrondissement,75,,,75113000EV0021,,,,,,,,,,,,,0,2,Appartement,46,3,S,sols,,,1179,2.352184,48.835275
2024-1225294,2024-10-15,000001,Vente,32000000,38,,AV DES GOBELINS,4209,75013,75113,Paris 13e Arrondissement,75,,,75113000EV0021,,,,,,,,,,,,,0,2,Appartement,58,3,S,sols,,,1179,2.352184,48.835275
2024-1225294,2024-10-15,000001,Vente,32000000,38,,AV DES GOBELINS,4209,75013,75113,Paris 13e Arrondissement,75,,,75113000EV0021,,,,,,,,,,,,,0,2,Appartement,62,3,S,sols,,,1179,2.352184,48.835275
2024-1225294,2024-10-15,000001,Vente,32000000,38,,AV DES GOBELINS,4209,75013,75113,Paris 13e Arrondissement,75,,,75113000EV0021,,,,,,,,,,,,,0,2,Appartement,59,3,S,sols,,,1179,2.352184,48.835275
2024-1225294,2024-10-15,000001,Vente,32000000,38,,AV DES GOBELINS,4209,75013,75113,Paris 13e Arrondissement,75,,,75113000EV0021,,,,,,,,,,,,,0,2,Appartement,15,1,S,sols,,,1179,2.352184,48.835275
2024-1225294,2024-10-15,000001,Vente,32000000,38,,AV DES GOBELINS,4209,75013,75113,Paris 13e Arrondissement,75,,,75113000EV0021,,,,,,,,,,,,,0,2,Appartement,16,1,S,sols,,,1179,2.352184,48.835275
2024-1225294,2024-10-15,000001,Vente,32000000,38,,AV DES GOBELINS,4209,75013,75113,Paris 13e Arrondissement,75,,,75113000EV0021,,,,,,,,,,,,,0,4,Local industriel. commercial ou assimilé,60,0,S,sols,,,1179,2.352184,48.835275
2024-1225294,2024-10-15,000001,Vente,32000000,38,,AV DES GOBELINS,4209,75013,75113,Paris 13e Arrondissement,75,,,75113000EV0021,,,,,,,,,,,,,0,4,Local industriel. commercial ou assimilé,79,0,S,sols,,,1179,2.352184,48.835275
2024-1225294,2024-10-15,000001,Vente,32000000,38,,AV DES GOBELINS,4209,75013,75113,Paris 13e Arrondissement,75,,,75113000EV0021,,,,,,,,,,,,,0,2,Appartement,46,3,S,sols,,,1179,2.352184,48.835275
2024-1225294,2024-10-15,000001,Vente,32000000,38,,AV DES GOBELINS,4209,75013,75113,Paris 13e Arrondissement,75,,,75113000EV0021,,,,,,,,,,,,,0,2,Appartement,25,2,S,sols,,,1179,2.352184,48.835275
2024-1225294,2024-10-15,000001,Vente,32000000,38,,AV DES GOBELINS,4209,75013,75113,Paris 13e Arrondissement,75,,,75113000EV0021,,,,,,,,,,,,,0,2,Appartement,17,1,S,sols,,,1179,2.352184,48.835275
2024-1225294,2024-10-15,000001,Vente,32000000,38,,AV DES GOBELINS,4209,75013,75113,Paris 13e Arrondissement,75,,,75113000EV0021,,,,,,,,,,,,,0,2,Appartement,46,3,S,sols,,,1179,2.352184,48.835275
2024-1225294,2024-10-15,000001,Vente,32000000,38,,AV DES GOBELINS,4209,75013,75113,Paris 13e Arrondissement,75,,,75113000EV0021,,,,,,,,,,,,,0,2,Appartement,25,2,S,sols,,,1179,2.352184,48.835275
2024-1225294,2024-10-15,000001,Vente,32000000,38,,AV DES GOBELINS,4209,75013,75113,Paris 13e Arrondissement,75,,,75113000EV0021,,,,,,,,,,,,,0,2,Appartement,17,1,S,sols,,,1179,2.352184,48.835275
2024-1225294,2024-10-15,000001,Vente,32000000,38,,AV DES GOBELINS,4209,75013,75113,Paris 13e Arrondissement,75,,,75113000EV0021,,,,,,,,,,,,,0,2,Appartement,46,3,S,sols,,,1179,2.352184,48.835275
2024-1225294,2024-10-15,000001,Vente,32000000,38,,AV DES GOBELINS,4209,75013,75113,Paris 13e Arrondissement,75,,,75113000EV0021,,,,,,,,,,,,,0,2,Appartement,25,2,S,sols,,,1179,2.352184,48.835275
2024-1225294,2024-10-15,000001,Vente,32000000,38,,AV DES GOBELINS,4209,75013,75113,Paris 13e Arrondissement,75,,,75113000EV0021,,,,,,,,,,,,,0,2,Appartement,16,1,S,sols,,,1179,2.352184,48.835275
2024-1225294,2024-10-15,000001,Vente,32000000,38,,AV DES GOBELINS,4209,75013,75113,Paris 13e Arrondissement,75,,,75113000EV0021,,,,,,,,,,,,,0,2,Appartement,46,3,S,sols,,,1179,2.352184,48.835275
2024-1225294,2024-10-15,000001,Vente,32000000,38,,AV DES GOBELINS,4209,75013,75113,Paris 13e Arrondissement,75,,,75113000EV0021,,,,,,,,,,,,,0,2,Appartement,26,2,S,sols,,,1179,2.352184,48.835275
2024-1225294,2024-10-15,000001,Vente,32000000,38,,AV DES GOBELINS,4209,75013,75113,Paris 13e Arrondissement,75,,,75113000EV0021,,,,,,,,,,,,,0,2,Appartement,17,1,S,sols,,,1179,2.352184,48.835275
2024-1225294,2024-10-15,000001,Vente,32000000,38,,AV DES GOBELINS,4209,75013,75113,Paris 13e Arrondissement,75,,,75113000EV0021,,,,,,,,,,,,,0,2,Appartement,25,2,S,sols,,,1179,2.352184,48.835275
2024-1225294,2024-10-15,000001,Vente,32000000,38,,AV DES GOBELINS,4209,75013,75113,Paris 13e Arrondissement,75,,,75113000EV0021,,,,,,,,,,,,,0,2,Appartement,46,3,S,sols,,,1179,2.352184,48.835275
2024-1225294,2024-10-15,000001,Vente,32000000,38,,AV DES GOBELINS,4209,75013,75113,Paris 13e Arrondissement,75,,,75113000EV0021,,,,,,,,,,,,,0,2,Appartement,17,1,S,sols,,,1179,2.352184,48.835275
2024-1225294,2024-10-15,000001,Vente,32000000,38,,AV DES GOBELINS,4209,75013,75113,Paris 13e Arrondissement,75,,,75113000EV0021,,,,,,,,,,,,,0,2,Appartement,25,2,S,sols,,,1179,2.352184,48.835275
2024-1225294,2024-10-15,000001,Vente,32000000,38,,AV DES GOBELINS,4209,75013,75113,Paris 13e Arrondissement,75,,,75113000EV0021,,,,,,,,,,,,,0,2,Appartement,17,1,S,sols,,,1179,2.352184,48.835275
2024-1225294,2024-10-15,000001,Vente,32000000,38,,AV DES GOBELINS,4209,75013,75113,Paris 13e Arrondissement,75,,,75113000EV0021,,,,,,,,,,,,,0,4,Local industriel. commercial ou assimilé,130,0,S,sols,,,1179,2.352184,48.835275
2024-1225294,2024-10-15,000001,Vente,32000000,38,,AV DES GOBELINS,4209,75013,75113,Paris 13e Arrondissement,75,,,75113000EV0021,,,,,,,,,,,,,0,2,Appartement,57,3,S,sols,,,1179,2.352184,48.835275
2024-1225294,2024-10-15,000001,Vente,32000000,38,,AV DES GOBELINS,4209,75013,75113,Paris 13e Arrondissement,75,,,75113000EV0021,,,,,,,,,,,,,0,3,Dépendance,,0,S,sols,,,1179,2.352184,48.835275
2024-1225294,2024-10-15,000001,Vente,32000000,38,,AV DES GOBELINS,4209,75013,75113,Paris 13e Arrondissement,75,,,75113000EV0021,,,,,,,,,,,,,0,3,Dépendance,,0,S,sols,,,1179,2.352184,48.835275
2024-1225294,2024-10-15,000001,Vente,32000000,38,,AV DES GOBELINS,4209,75013,75113,Paris 13e Arrondissement,75,,,75113000EV0021,,,,,,,,,,,,,0,3,Dépendance,,0,S,sols,,,1179,2.352184,48.835275
2024-1225294,2024-10-15,000001,Vente,32000000,38,,AV DES GOBELINS,4209,75013,75113,Paris 13e Arrondissement,75,,,75113000EV0021,,,,,,,,,,,,,0,3,Dépendance,,0,S,sols,,,1179,2.352184,48.835275
2024-1225294,2024-10-15,000001,Vente,32000000,38,,AV DES GOBELINS,4209,75013,75113,Paris 13e Arrondissement,75,,,75113000EV0021,,,,,,,,,,,,,0,3,Dépendance,,0,S,sols,,,1179,2.352184,48.835275
2024-1225294,2024-10-15,000001,Vente,32000000,38,,AV DES GOBELINS,4209,75013,75113,Paris 13e Arrondissement,75,,,75113000EV0021,,,,,,,,,,,,,0,3,Dépendance,,0,S,sols,,,1179,2.352184,48.835275
2024-1225294,2024-10-15,000001,Vente,32000000,38,,AV DES GOBELINS,4209,75013,75113,Paris 13e Arrondissement,75,,,75113000EV0021,,,,,,,,,,,,,0,3,Dépendance,,0,S,sols,,,1179,2.352184,48.835275
2024-1225294,2024-10-15,000001,Vente,32000000,38,,AV DES GOBELINS,4209,75013,75113,Paris 13e Arrondissement,75,,,75113000EV0021,,,,,,,,,,,,,0,3,Dépendance,,0,S,sols,,,1179,2.352184,48.835275
2024-1225294,2024-10-15,000001,Vente,32000000,38,,AV DES GOBELINS,4209,75013,75113,Paris 13e Arrondissement,75,,,75113000EV0021,,,,,,,,,,,,,0,3,Dépendance,,0,S,sols,,,1179,2.352184,48.835275
2024-1225294,2024-10-15,000001,Vente,32000000,38,,AV DES GOBELINS,4209,75013,75113,Paris 13e Arrondissement,75,,,75113000EV0021,,,,,,,,,,,,,0,3,Dépendance,,0,S,sols,,,1179,2.352184,48.835275
2024-1225294,2024-10-15,000001,Vente,32000000,38,,AV DES GOBELINS,4209,75013,75113,Paris 13e Arrondissement,75,,,75113000EV0021,,,,,,,,,,,,,0,3,Dépendance,,0,S,sols,,,1179,2.352184,48.835275
2024-1225294,2024-10-15,000001,Vente,32000000,38,,AV DES GOBELINS,4209,75013,75113,Paris 13e Arrondissement,75,,,75113000EV0021,,,,,,,,,,,,,0,3,Dépendance,,0,S,sols,,,1179,2.352184,48.835275
2024-1225294,2024-10-15,000001,Vente,32000000,38,,AV DES GOBELINS,4209,75013,75113,Paris 13e Arrondissement,75,,,75113000EV0021,,,,,,,,,,,,,0,3,Dépendance,,0,S,sols,,,1179,2.352184,48.835275
2024-1225294,2024-10-15,000001,Vente,32000000,38,,AV DES GOBELINS,4209,75013,75113,Paris 13e Arrondissement,75,,,75113000EV0021,,,,,,,,,,,,,0,3,Dépendance,,0,S,sols,,,1179,2.352184,48.835275
2024-1225294,2024-10-15,000001,Vente,32000000,38,,AV DES GOBELINS,4209,75013,75113,Paris 13e Arrondissement,75,,,75113000EV0021,,,,,,,,,,,,,0,3,Dépendance,,0,S,sols,,,1179,2.352184,48.835275
2024-1225294,2024-10-15,000001,Vente,32000000,38,,AV DES GOBELINS,4209,75013,75113,Paris 13e Arrondissement,75,,,75113000EV0021,,,,,,,,,,,,,0,3,Dépendance,,0,S,sols,,,1179,2.352184,48.835275
2024-1225294,2024-10-15,000001,Vente,32000000,38,,AV DES GOBELINS,4209,75013,75113,Paris 13e Arrondissement,75,,,75113000EV0021,,,,,,,,,,,,,0,3,Dépendance,,0,S,sols,,,1179,2.352184,48.835275
2024-1225294,2024-10-15,000001,Vente,32000000,38,,AV DES GOBELINS,4209,75013,75113,Paris 13e Arrondissement,75,,,75113000EV0021,,,,,,,,,,,,,0,3,Dépendance,,0,S,sols,,,1179,2.352184,48.835275
2024-1225294,2024-10-15,000001,Vente,32000000,38,,AV DES GOBELINS,4209,75013,75113,Paris 13e Arrondissement,75,,,75113000EV0021,,,,,,,,,,,,,0,3,Dépendance,,0,S,sols,,,1179,2.352184,48.835275
2024-1225294,2024-10-15,000001,Vente,32000000,38,,AV DES GOBELINS,4209,75013,75113,Paris 13e Arrondissement,75,,,75113000EV0021,,,,,,,,,,,,,0,3,Dépendance,,0,S,sols,,,1179,2.352184,48.835275
2024-1225294,2024-10-15,000001,Vente,32000000,38,,AV DES GOBELINS,4209,75013,75113,Paris 13e Arrondissement,75,,,75113000EV0021,,,,,,,,,,,,,0,3,Dépendance,,0,S,sols,,,1179,2.352184,48.835275
2024-1225294,2024-10-15,000001,Vente,32000000,38,,AV DES GOBELINS,4209,75013,75113,Paris 13e Arrondissement,75,,,75113000EV0021,,,,,,,,,,,,,0,3,Dépendance,,0,S,sols,,,1179,2.352184,48.835275
2024-1225294,2024-10-15,000001,Vente,32000000,38,,AV DES GOBELINS,4209,75013,75113,Paris 13e Arrondissement,75,,,75113000EV0021,,,,,,,,,,,,,0,3,Dépendance,,0,S,sols,,,1179,2.352184,48.835275
2024-1225294,2024-10-15,000001,Vente,32000000,38,,AV DES GOBELINS,4209,75013,75113,Paris 13e Arrondissement,75,,,75113000EV0021,,,,,,,,,,,,,0,3,Dépendance,,0,S,sols,,,1179,2.352184,48.835275
2024-1225294,2024-10-15,000001,Vente,32000000,38,,AV DES GOBELINS,4209,75013,75113,Paris 13e Arrondissement,75,,,75113000EV0021,,,,,,,,,,,,,0,3,Dépendance,,0,S,sols,,,1179,2.352184,48.835275
2024-1225294,2024-10-15,000001,Vente,32000000,38,,AV DES GOBELINS,4209,75013,75113,Paris 13e Arrondissement,75,,,75113000EV0021,,,,,,,,,,,,,0,3,Dépendance,,0,S,sols,,,1179,2.352184,48.835275
2024-1225294,2024-10-15,000001,Vente,32000000,38,,AV DES GOBELINS,4209,75013,75113,Paris 13e Arrondissement,75,,,75113000EV0021,,,,,,,,,,,,,0,3,Dépendance,,0,S,sols,,,1179,2.352184,48.835275
2024-1225294,2024-10-15,000001,Vente,32000000,38,,AV DES GOBELINS,4209,75013,75113,Paris 13e Arrondissement,75,,,75113000EV0021,,,,,,,,,,,,,0,3,Dépendance,,0,S,sols,,,1179,2.352184,48.835275
2024-1225294,2024-10-15,000001,Vente,32000000,38,,AV DES GOBELINS,4209,75013,75113,Paris 13e Arrondissement,75,,,75113000EV0021,,,,,,,,,,,,,0,3,Dépendance,,0,S,sols,,,1179,2.352184,48.835275
2024-1225294,2024-10-15,000001,Vente,32000000,38,,AV DES GOBELINS,4209,75013,75113,Paris 13e Arrondissement,75,,,75113000EV0021,,,,,,,,,,,,,0,3,Dépendance,,0,S,sols,,,1179,2.352184,48.835275
2024-1225294,2024-10-15,000001,Vente,32000000,38,,AV DES GOBELINS,4209,75013,75113,Paris 13e Arrondissement,75,,,75113000EV0021,,,,,,,,,,,,,0,3,Dépendance,,0,S,sols,,,1179,2.352184,48.835275
2024-1225294,2024-10-15,000001,Vente,32000000,38,,AV DES GOBELINS,4209,75013,75113,Paris 13e Arrondissement,75,,,75113000EV0021,,,,,,,,,,,,,0,3,Dépendance,,0,S,sols,,,1179,2.352184,48.835275
2024-1225294,2024-10-15,000001,Vente,32000000,38,,AV DES GOBELINS,4209,75013,75113,Paris 13e Arrondissement,75,,,75113000EV0021,,,,,,,,,,,,,0,3,Dépendance,,0,S,sols,,,1179,2.352184,48.835275
2024-1225294,2024-10-15,000001,Vente,32000000,38,,AV DES GOBELINS,4209,75013,75113,Paris 13e Arrondissement,75,,,75113000EV0021,,,,,,,,,,,,,0,3,Dépendance,,0,S,sols,,,1179,2.352184,48.835275
2024-1225294,2024-10-15,000001,Vente,32000000,38,,AV DES GOBELINS,4209,75013,75113,Paris 13e Arrondissement,75,,,75113000EV0021,,,,,,,,,,,,,0,3,Dépendance,,0,S,sols,,,1179,2.352184,48.835275
2024-1225294,2024-10-15,000001,Vente,32000000,38,,AV DES GOBELINS,4209,75013,75113,Paris 13e Arrondissement,75,,,75113000EV0021,,,,,,,,,,,,,0,3,Dépendance,,0,S,sols,,,1179,2.352184,48.835275
2024-1225294,2024-10-15,000001,Vente,32000000,38,,AV DES GOBELINS,4209,75013,75113,Paris 13e Arrondissement,75,,,75113000EV0021,,,,,,,,,,,,,0,2,Appartement,13,1,S,sols,,,1179,2.352184,48.835275
2024-1225294,2024-10-15,000001,Vente,32000000,38,,AV DES GOBELINS,4209,75013,75113,Paris 13e Arrondissement,75,,,75113000EV0021,,,,,,,,,,,,,0,2,Appartement,19,1,S,sols,,,1179,2.352184,48.835275
2024-1225294,2024-10-15,000001,Vente,32000000,38,,AV DES GOBELINS,4209,75013,75113,Paris 13e Arrondissement,75,,,75113000EV0021,,,,,,,,,,,,,0,4,Local industriel. commercial ou assimilé,71,0,S,sols,,,1179,2.352184,48.835275
2024-1225294,2024-10-15,000001,Vente,32000000,38,,AV DES GOBELINS,4209,75013,75113,Paris 13e Arrondissement,75,,,75113000EV0021,,,,,,,,,,,,,0,2,Appartement,24,1,S,sols,,,1179,2.352184,48.835275
2024-1225294,2024-10-15,000001,Vente,32000000,38,,AV DES GOBELINS,4209,75013,75113,Paris 13e Arrondissement,75,,,75113000EV0021,,,,,,,,,,,,,0,2,Appartement,34,2,S,sols,,,1179,2.352184,48.835275
2024-1225294,2024-10-15,000001,Vente,32000000,38,,AV DES GOBELINS,4209,75013,75113,Paris 13e Arrondissement,75,,,75113000EV0021,,,,,,,,,,,,,0,2,Appartement,76,4,S,sols,,,1179,2.352184,48.835275
2024-1225294,2024-10-15,000001,Vente,32000000,38,,AV DES GOBELINS,4209,75013,75113,Paris 13e Arrondissement,75,,,75113000EV0021,,,,,,,,,,,,,0,2,Appartement,34,2,S,sols,,,1179,2.352184,48.835275
2024-1225294,2024-10-15,000001,Vente,32000000,38,,AV DES GOBELINS,4209,75013,75113,Paris 13e Arrondissement,75,,,75113000EV0021,,,,,,,,,,,,,0,2,Appartement,76,4,S,sols,,,1179,2.352184,48.835275
2024-1225294,2024-10-15,000001,Vente,32000000,38,,AV DES GOBELINS,4209,75013,75113,Paris 13e Arrondissement,75,,,75113000EV0021,,,,,,,,,,,,,0,2,Appartement,34,2,S,sols,,,1179,2.352184,48.835275
2024-1225294,2024-10-15,000001,Vente,32000000,38,,AV DES GOBELINS,4209,75013,75113,Paris 13e Arrondissement,75,,,75113000EV0021,,,,,,,,,,,,,0,2,Appartement,78,4,S,sols,,,1179,2.352184,48.835275
2024-1225294,2024-10-15,000001,Vente,32000000,38,,AV DES GOBELINS,4209,75013,75113,Paris 13e Arrondissement,75,,,75113000EV0021,,,,,,,,,,,,,0,2,Appartement,34,2,S,sols,,,1179,2.352184,48.835275
2024-1225294,2024-10-15,000001,Vente,32000000,38,,AV DES GOBELINS,4209,75013,75113,Paris 13e Arrondissement,75,,,75113000EV0021,,,,,,,,,,,,,0,2,Appartement,76,4,S,sols,,,1179,2.352184,48.835275
2024-1225294,2024-10-15,000001,Vente,32000000,38,,AV DES GOBELINS,4209,75013,75113,Paris 13e Arrondissement,75,,,75113000EV0021,,,,,,,,,,,,,0,2,Appartement,62,3,S,sols,,,1179,2.352184,48.835275
2024-1213795,2024-03-12,000001,Vente,722000,8,,RUE DE POUY,7776,75013,75113,Paris 13e Arrondissement,75,,,75113000ED0174,,,2,,,,,,,,,,1,2,Appartement,69,3,,,,,,,
2024-1217380,2024-05-16,000001,Vente,,29,,RUE DAMESME,2526,75013,75113,Paris 13e Arrondissement,75,,,75113000DV0104,,,38,,,,,,,,,,1,2,Appartement,49,2,,,,,,2.355889,48.823439
2024-1222246,2024-08-01,000001,Vente,237000,93,,RUE DU CHEVALERET,1990,75013,75113,Paris 13e Arrondissement,75,,,75113000BI0020,,,104,,80,28.6,,,,,,,2,3,Dépendance,,0,,,,,,2.375086,48.830017
2024-1222246,2024-08-01,000001,Vente,237000,93,,RUE DU CHEVALERET,1990,75013,75113,Paris 13e Arrondissement,75,,,75113000BI0020,,,104,,80,28.6,,,,,,,2,2,Appartement,33,2,,,,,,2.375086,48.830017
2024-1224157,2024-09-26,000001,Vente,186000,93,,RUE DU CHEVALERET,1990,75013,75113,Paris 13e Arrondissement,75,,,75113000BI0020,,,121,,86,21.15,98,,,,,,3,3,Dépendance,,0,,,,,,2.375086,48.830017
2024-1224157,2024-09-26,000001,Vente,186000,93,,RUE DU CHEVALERET,1990,75013,75113,Paris 13e Arrondissement,75,,,75113000BI0020,,,121,,86,21.15,98,,,,,,3,2,Appartement,21,2,,,,,,2.375086,48.830017
2024-1227073,2024-11-26,000001,Vente,253500,93,,RUE DU CHEVALERET,1990,75013,75113,Paris 13e Arrondissement,75,,,75113000BI0020,,,67,28.73,,,,,,,,,1,2,Appartement,28,2,,,,,,2.375086,48.830017
2024-1227073,2024-11-26,000001,Vente,253500,93,,RUE DU CHEVALERET,1990,75013,75113,Paris 13e Arrondissement,75,,,75113000BI0020,,,91,,,,,,,,,,1,3,Dépendance,,0,,,,,,2.375086,48.830017
2024-1214575,2024-04-08,000001,Vente,435000,6,,RUE DES CORDELIERES,2328,75013,75113,Paris 13e Arrondissement,75,,,75113000EO0014,,,,,,,,,,,,,0,1,Maison,64,3,S,sols,,,42,2.348481,48.835292
2024-1214690,2024-03-27,000001,Vente,1575500,8,,RUE DU DOC LUCAS CHAMPIONNIERE,2858,75013,75113,Paris 13e Arrondissement,75,,,75113000DQ0021,,,,,,,,,,,,,0,1,Maison,127,5,S,sols,,,78,2.35443,48.822897
2024-1211848,2024-01-22,000001,Echange,2295,18,,RUE DU BANQUIER,0656,75013,75113,Paris 13e Arrondissement,75,,,75113000AT0041,,,67,,,,,,,,,,1,2,Appartement,35,2,,,,,,2.355913,48.835638
2024-1211848,2024-01-22,000001,Echange,2295,18,,RUE DU BANQUIER,0656,75013,75113,Paris 13e Arrondissement,75,,,75113000AT0041,,,54,,,,,,,,,,1,3,Dépendance,,0,,,,,,2.355913,48.835638
2024-1210710,2024-01-11,000001,Vente,205000,87,,RUE DE PATAY,7098,75013,75113,Paris 13e Arrondissement,75,,,75113000CP0075,,,10,25.01,14,,,,,,,,2,2,Appartement,25,2,,,,,,2.372077,48.826744
2024-1210710,2024-01-11,000001,Vente,205000,87,,RUE DE PATAY,7098,75013,75113,Paris 13e Arrondissement,75,,,75113000CP0075,,,10,25.01,14,,,,,,,,2,3,Dépendance,,0,,,,,,2.372077,48.826744
2024-1210710,2024-01-11,000001,Vente,205000,87,,RUE DE PATAY,7098,75013,75113,Paris 13e Arrondissement,75,,,75113000CP0075,,,39,,,,,,,,,,1,4,Local industriel. commercial ou assimilé,34,0,,,,,,2.372077,48.826744
