id_mutation,date_mutation,numero_disposition,nature_mutation,valeur_fonciere,adresse_numero,adresse_suffixe,adresse_nom_voie,adresse_code_voie,code_postal,code_commune,nom_commune,code_departement,ancien_code_commune,ancien_nom_commune,id_parcelle,ancien_id_parcelle,numero_volume,lot1_numero,lot1_surface_carrez,lot2_numero,lot2_surface_carrez,lot3_numero,lot3_surface_carrez,lot4_numero,lot4_surface_carrez,lot5_numero,lot5_surface_carrez,nombre_lots,code_type_local,type_local,surface_reelle_bati,nombre_pieces_principales,code_nature_culture,nature_culture,code_nature_culture_speciale,nature_culture_speciale,surface_terrain,longitude,latitude
2024-1211481,2024-01-22,000001,Vente,700000,10,,RUE DE REIMS,8109,75013,75113,Paris 13e Arrondissement,75,,,75113000BH0036,,,569,,679,,,,,,,,2,2,Appartement,79,4,,,,,,2.37108,48.828875
2024-1211481,2024-01-22,000001,Vente,700000,10,,RUE DE REIMS,8109,75013,75113,Paris 13e Arrondissement,75,,,75113000BH0036,,,569,,679,,,,,,,,2,3,Dépendance,,0,,,,,,2.37108,48.828875
2024-1211481,2024-01-22,000001,Vente,700000,10,,RUE DE REIMS,8109,75013,75113,Paris 13e Arrondissement,75,,,75113000BH0036,,,569,,679,,,,,,,,2,3,Dépendance,,0,,,,,,2.37108,48.828875
2024-1211784,2024-01-30,000001,Vente,195000,10,,RUE DE DOMREMY,2894,75013,75113,Paris 13e Arrondissement,75,,,75113000BJ0032,,,10,,32,23.71,,,,,,,2,2,Appartement,30,2,,,,,,2.373473,48.830795
2024-1211926,2024-02-08,000001,Vente,300000,31,,RUE DE DOMREMY,2894,75013,75113,Paris 13e Arrondissement,75,,,75113000BH0029,,,12,34.86,9,,,,,,,,2,2,Appartement,35,2,,,,,,2.371439,48.829409
2024-1211926,2024-02-08,000001,Vente,300000,31,,RUE DE DOMREMY,2894,75013,75113,Paris 13e Arrondissement,75,,,75113000BH0029,,,12,34.86,9,,,,,,,,2,3,Dépendance,,0,,,,,,2.371439,48.829409
2024-1212392,2024-02-20,000001,Vente,1438270,24,,RUE CHARCOT,1786,75013,75113,Paris 13e Arrondissement,75,,,75113000BJ0017,,,16,,,,,,,,,,1,3,Dépendance,,0,,,,,,2.371068,48.830994
2024-1212392,2024-02-20,000001,Vente,1438270,24,,RUE CHARCOT,1786,75013,75113,Paris 13e Arrondissement,75,,,75113000BJ0017,,,94,100.51,,,,,,,,,1,2,Appartement,100,4,,,,,,2.371068,48.830994
2024-1212530,2024-02-15,000001,Vente,166000,8,,RUE DE REIMS,8109,75013,75113,Paris 13e Arrondissement,75,,,75113000BH0041,,,110,,99,,,,,,,,2,3,Dépendance,,0,,,,,,2.371686,48.828912
2024-1212530,2024-02-15,000001,Vente,166000,8,,RUE DE REIMS,8109,75013,75113,Paris 13e Arrondissement,75,,,75113000BH0041,,,110,,99,,,,,,,,2,2,Appartement,17,1,,,,,,2.371686,48.828912
2024-1212551,2024-02-07,000001,Vente,2000000,24,,RUE CHARCOT,1786,75013,75113,Paris 13e Arrondissement,75,,,75113000BJ0017,,,82,28,,,,,,,,,1,2,Appartement,28,2,,,,,,2.371068,48.830994
2024-1212551,2024-02-07,000001,Vente,2000000,24,,RUE CHARCOT,1786,75013,75113,Paris 13e Arrondissement,75,,,75113000BJ0017,,,81,28,,,,,,,,,1,2,Appartement,28,2,,,,,,2.371068,48.830994
2024-1212551,2024-02-07,000001,Vente,2000000,24,,RUE CHARCOT,1786,75013,75113,Paris 13e Arrondissement,75,,,75113000BJ0017,,,77,24.04,,,,,,,,,1,2,Appartement,24,2,,,,,,2.371068,48.830994
2024-1212551,2024-02-07,000001,Vente,2000000,24,,RUE CHARCOT,1786,75013,75113,Paris 13e Arrondissement,75,,,75113000BJ0017,,,79,28,,,,,,,,,1,2,Appartement,28,2,,,,,,2.371068,48.830994
2024-1212551,2024-02-07,000001,Vente,2000000,24,,RUE CHARCOT,1786,75013,75113,Paris 13e Arrondissement,75,,,75113000BJ0017,,,84,28,,,,,,,,,1,2,Appartement,28,2,,,,,,2.371068,48.830994
2024-1212551,2024-02-07,000001,Vente,2000000,24,,RUE CHARCOT,1786,75013,75113,Paris 13e Arrondissement,75,,,75113000BJ0017,,,83,28,,,,,,,,,1,2,Appartement,28,2,,,,,,2.371068,48.830994
2024-1212551,2024-02-07,000001,Vente,2000000,24,,RUE CHARCOT,1786,75013,75113,Paris 13e Arrondissement,75,,,75113000BJ0017,,,80,28,,,,,,,,,1,2,Appartement,28,2,,,,,,2.371068,48.830994
2024-1212850,2024-02-21,000001,Vente,135000,23,,RUE DE DOMREMY,2894,75013,75113,Paris 13e Arrondissement,75,,,75113000BI0001,,,216,16.09,,,,,,,,,1,2,Appartement,16,1,,,,,,2.372091,48.829706
2024-1213504,2024-03-14,000001,Vente,447100,10,,RUE DE REIMS,8109,75013,75113,Paris 13e Arrondissement,75,,,75113000BH0036,,,425,60.17,687,,,,,,,,2,3,Dépendance,,0,,,,,,2.37108,48.828875
2024-1213504,2024-03-14,000001,Vente,447100,10,,RUE DE REIMS,8109,75013,75113,Paris 13e Arrondissement,75,,,75113000BH0036,,,425,60.17,687,,,,,,,,2,2,Appartement,59,3,,,,,,2.37108,48.828875
2024-1213738,2024-02-23,000001,Vente,306000,10,,RUE DE REIMS,8109,75013,75113,Paris 13e Arrondissement,75,,,75113000BH0036,,,772,,,,,,,,,,1,2,Appartement,20,1,,,,,,2.37108,48.828875
2024-1213738,2024-02-23,000001,Vente,306000,10,,RUE DE REIMS,8109,75013,75113,Paris 13e Arrondissement,75,,,75113000BH0036,,,558,32.42,,,,,,,,,1,2,Appartement,30,2,,,,,,2.37108,48.828875
2024-1213985,2024-03-15,000001,Vente,1644150,3,,RUE XAINTRAILLES,9973,75013,75113,Paris 13e Arrondissement,75,,,75113000BH0014,,,263,,264,,265,,266,,67,,6,3,Dépendance,,0,,,,,,2.370599,48.829352
2024-1213985,2024-03-15,000001,Vente,1644150,3,,RUE XAINTRAILLES,9973,75013,75113,Paris 13e Arrondissement,75,,,75113000BH0014,,,263,,264,,265,,266,,67,,6,3,Dépendance,,0,,,,,,2.370599,48.829352
2024-1213985,2024-03-15,000001,Vente,1644150,3,,RUE XAINTRAILLES,9973,75013,75113,Paris 13e Arrondissement,75,,,75113000BH0014,,,263,,264,,265,,266,,67,,6,2,Appartement,150,7,,,,,,2.370599,48.829352
2024-1213985,2024-03-15,000001,Vente,1644150,3,,RUE XAINTRAILLES,9973,75013,75113,Paris 13e Arrondissement,75,,,75113000BH0014,,,57,,58,,,,,,,,2,2,Appartement,68,3,,,,,,2.370599,48.829352
2024-1213985,2024-03-15,000001,Vente,1644150,3,,RUE XAINTRAILLES,9973,75013,75113,Paris 13e Arrondissement,75,,,75113000BH0014,,,55,,56,,,,,,,,2,2,Appartement,40,2,,,,,,2.370599,48.829352
2024-1213985,2024-03-15,000001,Vente,1644150,3,,RUE XAINTRAILLES,9973,75013,75113,Paris 13e Arrondissement,75,,,75113000BH0014,,,55,,56,,,,,,,,2,3,Dépendance,,0,,,,,,2.370599,48.829352
2024-1213985,2024-03-15,000001,Vente,1644150,3,,RUE XAINTRAILLES,9973,75013,75113,Paris 13e Arrondissement,75,,,75113000BH0014,,,55,,56,,,,,,,,2,3,Dépendance,,0,,,,,,2.370599,48.829352
2024-1213985,2024-03-15,000001,Vente,1644150,3,,RUE XAINTRAILLES,9973,75013,75113,Paris 13e Arrondissement,75,,,75113000BH0014,,,263,,264,,265,,266,,67,,6,3,Dépendance,,0,,,,,,2.370599,48.829352
2024-1214155,2024-03-13,000001,Vente,206400,24,,RUE CHARCOT,1786,75013,75113,Paris 13e Arrondissement,75,,,75113000BJ0017,,,86,22.06,,,,,,,,,1,2,Appartement,22,2,,,,,,2.371068,48.830994
2024-1214173,2024-03-15,000001,Vente,444500,86,,RUE DU DESSOUS DES BERGES,2756,75013,75113,Paris 13e Arrondissement,75,,,75113000BI0007,,,23,,28,,37,52.03,38,52.03,,,4,3,Dépendance,,0,,,,,,2.372613,48.829176
2024-1214173,2024-03-15,000001,Vente,444500,86,,RUE DU DESSOUS DES BERGES,2756,75013,75113,Paris 13e Arrondissement,75,,,75113000BI0007,,,23,,28,,37,52.03,38,52.03,,,4,2,Appartement,48,3,,,,,,2.372613,48.829176
2024-1214392,2024-03-13,000001,Vente,305000,32,,RUE DE TOLBIAC,9337,75013,75113,Paris 13e Arrondissement,75,,,75113000BI0031,,,29,,64,36.7,,,,,,,2,2,Appartement,41,2,,,,,,2.372955,48.828742
2024-1214392,2024-03-13,000001,Vente,305000,32,,RUE DE TOLBIAC,9337,75013,75113,Paris 13e Arrondissement,75,,,75113000BI0031,,,29,,64,36.7,,,,,,,2,3,Dépendance,,0,,,,,,2.372955,48.828742
2024-1214702,2024-03-28,000001,Vente,395000,2,,RUE DE REIMS,8109,75013,75113,Paris 13e Arrondissement,75,,,75113000BH0043,,,124,,,,,,,,,,1,3,Dépendance,,0,,,,,,2.372051,48.828927
2024-1214702,2024-03-28,000001,Vente,395000,2,,RUE DE REIMS,8109,75013,75113,Paris 13e Arrondissement,75,,,75113000BH0043,,,11,,86,51.59,,,,,,,2,2,Appartement,51,2,,,,,,2.372051,48.828927
2024-1214702,2024-03-28,000001,Vente,395000,2,,RUE DE REIMS,8109,75013,75113,Paris 13e Arrondissement,75,,,75113000BH0043,,,11,,86,51.59,,,,,,,2,3,Dépendance,,0,,,,,,2.372051,48.828927
2024-1214744,2024-04-09,000001,Vente,6250000,24,,RUE CHARCOT,1786,75013,75113,Paris 13e Arrondissement,75,,,75113000BJ0017,,,3,,4,,5,,6,,76,556,5,4,Local industriel. commercial ou assimilé,510,0,,,,,,2.371068,48.830994
2024-1214745,2024-04-09,000001,Vente,150000,24,,RUE CHARCOT,1786,75013,75113,Paris 13e Arrondissement,75,,,75113000BJ0017,,,7,,,,,,,,,,1,4,Local industriel. commercial ou assimilé,8,0,,,,,,2.371068,48.830994
2024-1214745,2024-04-09,000001,Vente,150000,24,,RUE CHARCOT,1786,75013,75113,Paris 13e Arrondissement,75,,,75113000BJ0017,,,10,,,,,,,,,,1,4,Local industriel. commercial ou assimilé,8,0,,,,,,2.371068,48.830994
2024-1214745,2024-04-09,000001,Vente,150000,24,,RUE CHARCOT,1786,75013,75113,Paris 13e Arrondissement,75,,,75113000BJ0017,,,9,,,,,,,,,,1,4,Local industriel. commercial ou assimilé,8,0,,,,,,2.371068,48.830994
2024-1214745,2024-04-09,000001,Vente,150000,24,,RUE CHARCOT,1786,75013,75113,Paris 13e Arrondissement,75,,,75113000BJ0017,,,8,,,,,,,,,,1,4,Local industriel. commercial ou assimilé,8,0,,,,,,2.371068,48.830994
2024-1215118,2024-03-29,000001,Vente,55000,37,,RUE DE TOLBIAC,9337,75013,75113,Paris 13e Arrondissement,75,,,75113000CG0026,,,51,,,,,,,,,,1,3,Dépendance,,0,,,,,,2.372616,48.828031
2024-1215118,2024-03-29,000001,Vente,55000,37,,RUE DE TOLBIAC,9337,75013,75113,Paris 13e Arrondissement,75,,,75113000CG0026,,,50,,,,,,,,,,1,3,Dépendance,,0,,,,,,2.372616,48.828031
2024-1215129,2024-04-10,000001,Vente,290000,30,,RUE DE TOLBIAC,9337,75013,75113,Paris 13e Arrondissement,75,,,75113000BI0030,,,230,28.75,239,,,,,,,,2,2,Appartement,32,2,,,,,,2.373065,48.828783
2024-1215129,2024-04-10,000001,Vente,290000,30,,RUE DE TOLBIAC,9337,75013,75113,Paris 13e Arrondissement,75,,,75113000BI0030,,,230,28.75,239,,,,,,,,2,3,Dépendance,,0,,,,,,2.373065,48.828783
2024-1215181,2024-04-03,000001,Vente,474050,10,,RUE DE REIMS,8109,75013,75113,Paris 13e Arrondissement,75,,,75113000BH0036,,,524,60.05,711,,,,,,,,2,3,Dépendance,,0,,,,,,2.37108,48.828875
2024-1215181,2024-04-03,000001,Vente,474050,10,,RUE DE REIMS,8109,75013,75113,Paris 13e Arrondissement,75,,,75113000BH0036,,,524,60.05,711,,,,,,,,2,2,Appartement,57,3,,,,,,2.37108,48.828875
2024-1215504,2024-04-17,000001,Vente,290480,4,,RUE DUNOIS,2992,75013,75113,Paris 13e Arrondissement,75,,,75113000BJ0042,,,9,34.18,,,,,,,,,1,3,Dépendance,,0,,,,,,2.371364,48.830024
2024-1215504,2024-04-17,000001,Vente,290480,4,,RUE DUNOIS,2992,75013,75113,Paris 13e Arrondissement,75,,,75113000BJ0042,,,9,34.18,,,,,,,,,1,2,Appartement,35,2,,,,,,2.371364,48.830024
2024-1215800,2024-04-26,000001,Vente,280000,30,,RUE DE DOMREMY,2894,75013,75113,Paris 13e Arrondissement,75,,,75113000BJ0040,,,132,29.33,166,,,,,,,,2,2,Appartement,26,2,,,,,,2.371663,48.829821
2024-1215800,2024-04-26,000001,Vente,280000,30,,RUE DE DOMREMY,2894,75013,75113,Paris 13e Arrondissement,75,,,75113000BJ0040,,,132,29.33,166,,,,,,,,2,3,Dépendance,,0,,,,,,2.371663,48.829821
2024-1216114,2024-04-10,000001,Vente,680000,10,,RUE DE REIMS,8109,75013,75113,Paris 13e Arrondissement,75,,,75113000BH0036,,,571,71.46,681,,,,,,,,2,2,Appartement,74,3,,,,,,2.37108,48.828875
2024-1216114,2024-04-10,000001,Vente,680000,10,,RUE DE REIMS,8109,75013,75113,Paris 13e Arrondissement,75,,,75113000BH0036,,,571,71.46,681,,,,,,,,2,3,Dépendance,,0,,,,,,2.37108,48.828875
2024-1216298,2024-05-07,000001,Vente,713307,36,B,RUE DE TOLBIAC,9337,75013,75113,Paris 13e Arrondissement,75,,,75113000BH0048,,,11,,57,81.83,,,,,,,2,3,Dépendance,,0,,,,,,2.37207,48.828443
2024-1216298,2024-05-07,000001,Vente,713307,36,B,RUE DE TOLBIAC,9337,75013,75113,Paris 13e Arrondissement,75,,,75113000BH0048,,,11,,57,81.83,,,,,,,2,2,Appartement,80,3,,,,,,2.37207,48.828443
2024-1216619,2024-04-25,000001,Vente,411000,39,,RUE DE TOLBIAC,9337,75013,75113,Paris 13e Arrondissement,75,,,75113000CG0024,,,17,,,,,,,,,,1,2,Appartement,50,3,,,,,,2.372414,48.827954
2024-1216619,2024-04-25,000001,Vente,411000,39,,RUE DE TOLBIAC,9337,75013,75113,Paris 13e Arrondissement,75,,,75113000CG0024,,,17,,,,,,,,,,1,3,Dépendance,,0,,,,,,2.372414,48.827954
2024-1216647,2024-04-29,000001,Vente,542500,10,,RUE DE REIMS,8109,75013,75113,Paris 13e Arrondissement,75,,,75113000BH0036,,,513,78.66,661,,,,,,,,2,3,Dépendance,,0,,,,,,2.37108,48.828875
2024-1216647,2024-04-29,000001,Vente,542500,10,,RUE DE REIMS,8109,75013,75113,Paris 13e Arrondissement,75,,,75113000BH0036,,,513,78.66,661,,,,,,,,2,2,Appartement,78,4,,,,,,2.37108,48.828875
2024-1216647,2024-04-29,000001,Vente,542500,10,,RUE DE REIMS,8109,75013,75113,Paris 13e Arrondissement,75,,,75113000BH0036,,,822,,,,,,,,,,1,3,Dépendance,,0,,,,,,2.37108,48.828875
2024-1216850,2024-04-26,000001,Vente,149300,23,,RUE DE DOMREMY,2894,75013,75113,Paris 13e Arrondissement,75,,,75113000BI0001,,,213,18.51,,,,,,,,,1,3,Dépendance,,0,,,,,,2.372091,48.829706
2024-1216850,2024-04-26,000001,Vente,149300,23,,RUE DE DOMREMY,2894,75013,75113,Paris 13e Arrondissement,75,,,75113000BI0001,,,213,18.51,,,,,,,,,1,2,Appartement,18,1,,,,,,2.372091,48.829706
2024-1217191,2024-05-23,000001,Vente,8500,86,,RUE DU DESSOUS DES BERGES,2756,75013,75113,Paris 13e Arrondissement,75,,,75113000BI0007,,,22,,,,,,,,,,1,3,Dépendance,,0,,,,,,2.372613,48.829176
2024-1217191,2024-05-23,000001,Vente,8500,86,,RUE DU DESSOUS DES BERGES,2756,75013,75113,Paris 13e Arrondissement,75,,,75113000BI0007,,,22,,,,,,,,,,1,2,Appartement,44,3,,,,,,2.372613,48.829176
2024-1217593,2024-05-31,000001,Vente,11500,60,,RUE DU DESSOUS DES BERGES,2756,75013,75113,Paris 13e Arrondissement,75,,,75113000CG0050,,,36,,,,,,,,,,1,3,Dépendance,,0,,,,,,2.374065,48.827789
2024-1217970,2024-06-04,000001,Vente,352000,3,,RUE XAINTRAILLES,9973,75013,75113,Paris 13e Arrondissement,75,,,75113000BH0014,,,79,30,80,,,,,,,,2,3,Dépendance,,0,,,,,,2.370599,48.829352
2024-1217970,2024-06-04,000001,Vente,352000,3,,RUE XAINTRAILLES,9973,75013,75113,Paris 13e Arrondissement,75,,,75113000BH0014,,,79,30,80,,,,,,,,2,2,Appartement,29,1,,,,,,2.370599,48.829352
2024-1218199,2024-06-06,000001,Vente,228200,2,,RUE XAINTRAILLES,9973,75013,75113,Paris 13e Arrondissement,75,,,75113000BH0025,,,4,29.33,,,,,,,,,1,2,Appartement,27,1,,,,,,2.370787,48.82977
2024-1218229,2024-06-17,000001,Vente,296000,10,,RUE DE REIMS,8109,75013,75113,Paris 13e Arrondissement,75,,,75113000BH0036,,,451,40.05,638,,,,,,,,2,2,Appartement,40,2,,,,,,2.37108,48.828875
2024-1218630,2024-06-19,000001,Vente,440000,1,,PL DE L'ESC. NORMANDIE NIEMEN,3365,75013,75113,Paris 13e Arrondissement,75,,,75113000BJ0061,,,104,,24,,,,,,,,2,2,Appartement,47,2,,,,,,2.371223,48.831213
2024-1218630,2024-06-19,000001,Vente,440000,1,,PL DE L'ESC. NORMANDIE NIEMEN,3365,75013,75113,Paris 13e Arrondissement,75,,,75113000BJ0061,,,104,,24,,,,,,,,2,3,Dépendance,,0,,,,,,2.371223,48.831213
2024-1219254,2024-06-04,000001,Vente,1520000,3,,RUE XAINTRAILLES,9973,75013,75113,Paris 13e Arrondissement,75,,,75113000BH0014,,,313,170.03,314,,,,,,,,2,3,Dépendance,,0,,,,,,2.370599,48.829352
2024-1219254,2024-06-04,000001,Vente,1520000,3,,RUE XAINTRAILLES,9973,75013,75113,Paris 13e Arrondissement,75,,,75113000BH0014,,,313,170.03,314,,,,,,,,2,2,Appartement,148,5,,,,,,2.370599,48.829352
2024-1219254,2024-06-04,000001,Vente,1520000,3,,RUE XAINTRAILLES,9973,75013,75113,Paris 13e Arrondissement,75,,,75113000BH0014,,,313,170.03,314,,,,,,,,2,3,Dépendance,,0,,,,,,2.370599,48.829352
2024-1219254,2024-06-04,000001,Vente,1520000,3,,RUE XAINTRAILLES,9973,75013,75113,Paris 13e Arrondissement,75,,,75113000BH0014,,,313,170.03,314,,,,,,,,2,3,Dépendance,,0,,,,,,2.370599,48.829352
2024-1219486,2024-06-27,000001,Vente,484900,10,,RUE DE REIMS,8109,75013,75113,Paris 13e Arrondissement,75,,,75113000BH0036,,,496,67.01,749,,,,,,,,2,3,Dépendance,,0,,,,,,2.37108,48.828875
2024-1219486,2024-06-27,000001,Vente,484900,10,,RUE DE REIMS,8109,75013,75113,Paris 13e Arrondissement,75,,,75113000BH0036,,,496,67.01,749,,,,,,,,2,2,Appartement,60,3,,,,,,2.37108,48.828875
2024-1219753,2024-07-02,000001,Vente,460000,10,,RUE DE REIMS,8109,75013,75113,Paris 13e Arrondissement,75,,,75113000BH0036,,,450,68.12,637,,,,,,,,2,2,Appartement,68,3,,,,,,2.37108,48.828875
2024-1219753,2024-07-02,000001,Vente,460000,10,,RUE DE REIMS,8109,75013,75113,Paris 13e Arrondissement,75,,,75113000BH0036,,,450,68.12,637,,,,,,,,2,3,Dépendance,,0,,,,,,2.37108,48.828875
2024-1220184,2024-06-19,000001,Vente,165000,6,,RUE DE DOMREMY,2894,75013,75113,Paris 13e Arrondissement,75,,,75113000BJ0030,,,11,,30,20.5,,,,,,,2,2,Appartement,30,2,,,,,,2.373757,48.830941
2024-1220184,2024-06-19,000001,Vente,165000,6,,RUE DE DOMREMY,2894,75013,75113,Paris 13e Arrondissement,75,,,75113000BJ0030,,,11,,30,20.5,,,,,,,2,3,Dépendance,,0,,,,,,2.373757,48.830941
2024-1220254,2024-07-16,000001,Vente,385000,94,,RUE DU DESSOUS DES BERGES,2756,75013,75113,Paris 13e Arrondissement,75,,,75113000BI0002,,,2,,33,48.63,,,,,,,2,2,Appartement,45,3,,,,,,2.372197,48.829566
2024-1220348,2024-07-11,000001,Vente,195000,16,,RUE DE TOLBIAC,9337,75013,75113,Paris 13e Arrondissement,75,,,75113000BI0024,,,122,,70,20.87,,,,,,,2,3,Dépendance,,0,,,,,,2.374584,48.829778
2024-1220348,2024-07-11,000001,Vente,195000,16,,RUE DE TOLBIAC,9337,75013,75113,Paris 13e Arrondissement,75,,,75113000BI0024,,,122,,70,20.87,,,,,,,2,2,Appartement,24,1,,,,,,2.374584,48.829778
2024-1220775,2024-07-04,000001,Vente,532000,29,,RUE DE TOLBIAC,9337,75013,75113,Paris 13e Arrondissement,75,,,75113000CG0031,,,13,,29,,,,,,,,2,3,Dépendance,,0,,,,,,2.373379,48.828478
2024-1220775,2024-07-04,000001,Vente,532000,29,,RUE DE TOLBIAC,9337,75013,75113,Paris 13e Arrondissement,75,,,75113000CG0031,,,13,,29,,,,,,,,2,2,Appartement,59,3,,,,,,2.373379,48.828478
2024-1221407,2024-07-23,000001,Vente,250000,16,,RUE DE TOLBIAC,9337,75013,75113,Paris 13e Arrondissement,75,,,75113000BI0024,,,179,,85,30.12,,,,,,,2,3,Dépendance,,0,,,,,,2.374584,48.829778
2024-1221407,2024-07-23,000001,Vente,250000,16,,RUE DE TOLBIAC,9337,75013,75113,Paris 13e Arrondissement,75,,,75113000BI0024,,,179,,85,30.12,,,,,,,2,2,Appartement,32,2,,,,,,2.374584,48.829778
2024-1221732,2024-07-24,000001,Vente,124270,15,,RUE DE TOLBIAC,9337,75013,75113,Paris 13e Arrondissement,75,,,75113000CG0037,,,57,28.1,,,,,,,,,1,4,Local industriel. commercial ou assimilé,27,0,,,,,,2.374847,48.829257
2024-1221826,2024-07-25,000001,Vente,265444,24,,RUE CHARCOT,1786,75013,75113,Paris 13e Arrondissement,75,,,75113000BJ0017,,,77,24.07,,,,,,,,,1,2,Appartement,24,2,,,,,,2.371068,48.830994
2024-1221967,2024-08-02,000001,Vente,345000,80,,RUE DU DESSOUS DES BERGES,2756,75013,75113,Paris 13e Arrondissement,75,,,75113000BI0028,,,196,,208,39.69,,,,,,,2,3,Dépendance,,0,,,,,,2.372988,48.829025
2024-1221967,2024-08-02,000001,Vente,345000,80,,RUE DU DESSOUS DES BERGES,2756,75013,75113,Paris 13e Arrondissement,75,,,75113000BI0028,,,196,,208,39.69,,,,,,,2,2,Appartement,42,3,,,,,,2.372988,48.829025
2024-1222033,2024-07-25,000001,Vente,90000,80,,RUE DU DESSOUS DES BERGES,2756,75013,75113,Paris 13e Arrondissement,75,,,75113000BI0028,,,194,,206,11.6,,,,,,,2,3,Dépendance,,0,,,,,,2.372988,48.829025
2024-1222033,2024-07-25,000001,Vente,90000,80,,RUE DU DESSOUS DES BERGES,2756,75013,75113,Paris 13e Arrondissement,75,,,75113000BI0028,,,194,,206,11.6,,,,,,,2,2,Appartement,11,1,,,,,,2.372988,48.829025
2024-1222166,2024-08-09,000001,Vente,750000,127,,AV DE FRANCE,3796,75013,75113,Paris 13e Arrondissement,75,,,75113000BS0045,,,10,,,,,,,,,,1,2,Appartement,70,3,,,,,,2.375818,48.830843
2024-1222246,2024-08-01,000001,Vente,237000,93,,RUE DU CHEVALERET,1990,75013,75113,Paris 13e Arrondissement,75,,,75113000BI0020,,,104,,80,28.6,,,,,,,2,3,Dépendance,,0,,,,,,2.375086,48.830017
2024-1222246,2024-08-01,000001,Vente,237000,93,,RUE DU CHEVALERET,1990,75013,75113,Paris 13e Arrondissement,75,,,75113000BI0020,,,104,,80,28.6,,,,,,,2,2,Appartement,33,2,,,,,,2.375086,48.830017
2024-1222467,2024-09-02,000001,Vente,735000,8,,RUE DE DOMREMY,2894,75013,75113,Paris 13e Arrondissement,75,,,75113000BJ0031,,,18,74.32,,,,,,,,,1,2,Appartement,74,2,,,,,,2.373595,48.830861
2024-1222499,2024-08-22,000001,Vente,338500,34,,RUE DE DOMREMY,2894,75013,75113,Paris 13e Arrondissement,75,,,75113000BH0012,,,10,40.11,27,,,,,,,,2,2,Appartement,38,2,,,,,,2.371001,48.829423
2024-1222499,2024-08-22,000001,Vente,338500,34,,RUE DE DOMREMY,2894,75013,75113,Paris 13e Arrondissement,75,,,75113000BH0012,,,10,40.11,27,,,,,,,,2,3,Dépendance,,0,,,,,,2.371001,48.829423
2024-1222510,2024-08-28,000001,Vente,326000,8,,RUE DE REIMS,8109,75013,75113,Paris 13e Arrondissement,75,,,75113000BH0041,,,25,41.7,64,,,,,,,,2,2,Appartement,42,3,,,,,,2.371686,48.828912
2024-1222729,2024-09-05,000001,Vente,526500,10,,RUE DE REIMS,8109,75013,75113,Paris 13e Arrondissement,75,,,75113000BH0036,,,475,69.97,649,,,,,,,,2,3,Dépendance,,0,,,,,,2.37108,48.828875
2024-1222729,2024-09-05,000001,Vente,526500,10,,RUE DE REIMS,8109,75013,75113,Paris 13e Arrondissement,75,,,75113000BH0036,,,475,69.97,649,,,,,,,,2,3,Dépendance,,0,,,,,,2.37108,48.828875
2024-1222729,2024-09-05,000001,Vente,526500,10,,RUE DE REIMS,8109,75013,75113,Paris 13e Arrondissement,75,,,75113000BH0036,,,475,69.97,649,,,,,,,,2,2,Appartement,74,3,,,,,,2.37108,48.828875
2024-1222767,2024-09-06,000001,Vente,443269,10,,RUE DE REIMS,8109,75013,75113,Paris 13e Arrondissement,75,,,75113000BH0036,,,568,57.01,678,,,,,,,,2,3,Dépendance,,0,,,,,,2.37108,48.828875
2024-1222767,2024-09-06,000001,Vente,443269,10,,RUE DE REIMS,8109,75013,75113,Paris 13e Arrondissement,75,,,75113000BH0036,,,568,57.01,678,,,,,,,,2,2,Appartement,67,3,,,,,,2.37108,48.828875
2024-1222767,2024-09-06,000001,Vente,443269,10,,RUE DE REIMS,8109,75013,75113,Paris 13e Arrondissement,75,,,75113000BH0036,,,814,,,,,,,,,,1,3,Dépendance,,0,,,,,,2.37108,48.828875
2024-1222800,2024-09-03,000001,Vente,316000,80,,RUE DU DESSOUS DES BERGES,2756,75013,75113,Paris 13e Arrondissement,75,,,75113000BI0028,,,197,,203,30.4,,,,,,,2,2,Appartement,28,2,,,,,,2.372988,48.829025
2024-1222800,2024-09-03,000001,Vente,316000,80,,RUE DU DESSOUS DES BERGES,2756,75013,75113,Paris 13e Arrondissement,75,,,75113000BI0028,,,197,,203,30.4,,,,,,,2,3,Dépendance,,0,,,,,,2.372988,48.829025
2024-1222809,2024-09-10,000001,Vente,285000,24,,RUE CHARCOT,1786,75013,75113,Paris 13e Arrondissement,75,,,75113000BJ0017,,,81,27.8,,,,,,,,,1,2,Appartement,28,2,,,,,,2.371068,48.830994
2024-1223073,2024-09-12,000001,Vente,411400,5,,RUE LEREDDE,5597,75013,75113,Paris 13e Arrondissement,75,,,75113000CG0071,,,22,47.84,501,,,,,,,,2,2,Appartement,48,2,,,,,,2.374125,48.828751
2024-1223073,2024-09-12,000001,Vente,411400,5,,RUE LEREDDE,5597,75013,75113,Paris 13e Arrondissement,75,,,75113000CG0071,,,829,,,,,,,,,,1,3,Dépendance,,0,,,,,,2.374125,48.828751
2024-1223073,2024-09-12,000001,Vente,411400,5,,RUE LEREDDE,5597,75013,75113,Paris 13e Arrondissement,75,,,75113000CG0071,,,22,47.84,501,,,,,,,,2,3,Dépendance,,0,,,,,,2.374125,48.828751
2024-1223141,2024-09-05,000001,Vente,304054,24,,RUE CHARCOT,1786,75013,75113,Paris 13e Arrondissement,75,,,75113000BJ0017,,,79,28,,,,,,,,,1,2,Appartement,28,2,,,,,,2.371068,48.830994
2024-1223333,2024-08-28,000001,Vente,355000,2,,RUE DE REIMS,8109,75013,75113,Paris 13e Arrondissement,75,,,75113000BH0043,,,141,,,,,,,,,,1,3,Dépendance,,0,,,,,,2.372051,48.828927
2024-1223333,2024-08-28,000001,Vente,355000,2,,RUE DE REIMS,8109,75013,75113,Paris 13e Arrondissement,75,,,75113000BH0043,,,106,,62,,,,,,,,2,3,Dépendance,,0,,,,,,2.372051,48.828927
2024-1223333,2024-08-28,000001,Vente,355000,2,,RUE DE REIMS,8109,75013,75113,Paris 13e Arrondissement,75,,,75113000BH0043,,,106,,62,,,,,,,,2,2,Appartement,53,2,,,,,,2.372051,48.828927
2024-1223685,2024-09-27,000001,Vente,330000,35,,RUE CHARCOT,1786,75013,75113,Paris 13e Arrondissement,75,,,75113000BH0019,,,153,38.21,60,,,,,,,,2,2,Appartement,38,1,,,,,,2.37022,48.829935
2024-1223685,2024-09-27,000001,Vente,330000,35,,RUE CHARCOT,1786,75013,75113,Paris 13e Arrondissement,75,,,75113000BH0019,,,153,38.21,60,,,,,,,,2,3,Dépendance,,0,,,,,,2.37022,48.829935
2024-1223716,2024-09-18,000001,Vente,206530,10,,RUE DE REIMS,8109,75013,75113,Paris 13e Arrondissement,75,,,75113000BH0036,,,563,23.08,780,,,,,,,,2,2,Appartement,20,1,,,,,,2.37108,48.828875
2024-1223815,2024-09-12,000001,Vente,728000,5,,RUE LEREDDE,5597,75013,75113,Paris 13e Arrondissement,75,,,75113000CG0071,,,505,,566,,,,,,,,2,3,Dépendance,,0,,,,,,2.374125,48.828751
2024-1223815,2024-09-12,000001,Vente,728000,5,,RUE LEREDDE,5597,75013,75113,Paris 13e Arrondissement,75,,,75113000CG0071,,,6,85.27,,,,,,,,,1,2,Appartement,85,4,,,,,,2.374125,48.828751
2024-1224068,2024-09-25,000001,Vente,250000,80,,RUE DU DESSOUS DES BERGES,2756,75013,75113,Paris 13e Arrondissement,75,,,75113000BI0028,,,193,,,,,,,,,,1,3,Dépendance,,0,,,,,,2.372988,48.829025
2024-1224068,2024-09-25,000001,Vente,250000,80,,RUE DU DESSOUS DES BERGES,2756,75013,75113,Paris 13e Arrondissement,75,,,75113000BI0028,,,166,23.96,,,,,,,,,1,2,Appartement,27,2,,,,,,2.372988,48.829025
2024-1224068,2024-09-25,000001,Vente,250000,80,,RUE DU DESSOUS DES BERGES,2756,75013,75113,Paris 13e Arrondissement,75,,,75113000BI0028,,,193,,,,,,,,,,1,2,Appartement,26,2,,,,,,2.372988,48.829025
2024-1224157,2024-09-26,000001,Vente,186000,93,,RUE DU CHEVALERET,1990,75013,75113,Paris 13e Arrondissement,75,,,75113000BI0020,,,121,,86,21.15,98,,,,,,3,3,Dépendance,,0,,,,,,2.375086,48.830017
2024-1224157,2024-09-26,000001,Vente,186000,93,,RUE DU CHEVALERET,1990,75013,75113,Paris 13e Arrondissement,75,,,75113000BI0020,,,121,,86,21.15,98,,,,,,3,2,Appartement,21,2,,,,,,2.375086,48.830017
2024-1224266,2024-09-30,000001,Vente,260000,3,,RUE XAINTRAILLES,9973,75013,75113,Paris 13e Arrondissement,75,,,75113000BH0014,,,255,29.05,256,,,,,,,,2,2,Appartement,29,1,,,,,,2.370599,48.829352
2024-1224266,2024-09-30,000001,Vente,260000,3,,RUE XAINTRAILLES,9973,75013,75113,Paris 13e Arrondissement,75,,,75113000BH0014,,,255,29.05,256,,,,,,,,2,3,Dépendance,,0,,,,,,2.370599,48.829352
2024-1224515,2024-09-26,000001,Vente,460000,16,,RUE DE TOLBIAC,9337,75013,75113,Paris 13e Arrondissement,75,,,75113000BI0024,,,1,16.2,89,,,,,,,,2,4,Local industriel. commercial ou assimilé,84,0,,,,,,2.374584,48.829778
2024-1224515,2024-09-26,000001,Vente,460000,16,,RUE DE TOLBIAC,9337,75013,75113,Paris 13e Arrondissement,75,,,75113000BI0024,,,2,65.92,91,,,,,,,,2,4,Local industriel. commercial ou assimilé,28,0,,,,,,2.374584,48.829778
2024-1224566,2024-10-04,000001,Vente,400000,66,,RUE DU CHEVALERET,1990,75013,75113,Paris 13e Arrondissement,75,,,75113000BS0048,,115,,,,,,,,,,,0,,,,,,,,,,2.375185,48.830565
2024-1224981,2024-10-11,000001,Vente,340500,101,,RUE DU CHEVALERET,1990,75013,75113,Paris 13e Arrondissement,75,,,75113000BI0017,,,12,36.98,,,,,,,,,1,2,Appartement,36,2,,,,,,2.374479,48.830422
2024-1224981,2024-10-11,000001,Vente,340500,101,,RUE DU CHEVALERET,1990,75013,75113,Paris 13e Arrondissement,75,,,75113000BI0017,,,12,36.98,,,,,,,,,1,3,Dépendance,,0,,,,,,2.374479,48.830422
2024-1225363,2024-09-30,000001,Vente,885000,113,,RUE DU CHEVALERET,1990,75013,75113,Paris 13e Arrondissement,75,,,75113000BJ0044,,,110,,113,,119,,127,88.41,150,,5,4,Local industriel. commercial ou assimilé,102,0,,,,,,2.373604,48.83124
2024-1225851,2024-10-17,000001,Vente,120000,113,,RUE DU CHEVALERET,1990,75013,75113,Paris 13e Arrondissement,75,,,75113000BJ0044,,,132,15.67,,,,,,,,,1,2,Appartement,18,1,,,,,,2.373604,48.83124
2024-1226004,2024-10-25,000001,Vente,180000,8,,RUE DE REIMS,8109,75013,75113,Paris 13e Arrondissement,75,,,75113000BH0041,,,118,,128,,,,,,,,2,3,Dépendance,,0,,,,,,2.371686,48.828912
2024-1226004,2024-10-25,000001,Vente,180000,8,,RUE DE REIMS,8109,75013,75113,Paris 13e Arrondissement,75,,,75113000BH0041,,,118,,128,,,,,,,,2,2,Appartement,9,1,,,,,,2.371686,48.828912
2024-1226004,2024-10-25,000001,Vente,180000,8,,RUE DE REIMS,8109,75013,75113,Paris 13e Arrondissement,75,,,75113000BH0041,,,118,,128,,,,,,,,2,3,Dépendance,,0,,,,,,2.371686,48.828912
2024-1226065,2024-10-23,000001,Vente,200000,15,,RUE DE TOLBIAC,9337,75013,75113,Paris 13e Arrondissement,75,,,75113000CG0037,,,55,,,,,,,,,,1,4,Local industriel. commercial ou assimilé,17,0,,,,,,2.374847,48.829257
2024-1226193,2024-11-05,000001,Vente,265000,3,,RUE XAINTRAILLES,9973,75013,75113,Paris 13e Arrondissement,75,,,75113000BH0014,,,267,29.08,268,,,,,,,,2,2,Appartement,29,1,,,,,,2.370599,48.829352
2024-1226193,2024-11-05,000001,Vente,265000,3,,RUE XAINTRAILLES,9973,75013,75113,Paris 13e Arrondissement,75,,,75113000BH0014,,,267,29.08,268,,,,,,,,2,3,Dépendance,,0,,,,,,2.370599,48.829352
2024-1226416,2024-11-05,000001,Vente,385000,30,,RUE DE TOLBIAC,9337,75013,75113,Paris 13e Arrondissement,75,,,75113000BI0030,,,209,,234,,,,,,,,2,2,Appartement,45,2,,,,,,2.373065,48.828783
2024-1226416,2024-11-05,000001,Vente,385000,30,,RUE DE TOLBIAC,9337,75013,75113,Paris 13e Arrondissement,75,,,75113000BI0030,,,209,,234,,,,,,,,2,3,Dépendance,,0,,,,,,2.373065,48.828783
2024-1226447,2024-11-06,000001,Vente,260000,3,,RUE XAINTRAILLES,9973,75013,75113,Paris 13e Arrondissement,75,,,75113000BH0014,,,273,29.66,274,,,,,,,,2,2,Appartement,30,1,,,,,,2.370599,48.829352
2024-1226616,2024-11-22,000001,Vente,363000,3,,RUE XAINTRAILLES,9973,75013,75113,Paris 13e Arrondissement,75,,,75113000BH0014,,,55,40.99,56,,,,,,,,2,3,Dépendance,,0,,,,,,2.370599,48.829352
2024-1226616,2024-11-22,000001,Vente,363000,3,,RUE XAINTRAILLES,9973,75013,75113,Paris 13e Arrondissement,75,,,75113000BH0014,,,55,40.99,56,,,,,,,,2,2,Appartement,40,2,,,,,,2.370599,48.829352
2024-1226616,2024-11-22,000001,Vente,363000,3,,RUE XAINTRAILLES,9973,75013,75113,Paris 13e Arrondissement,75,,,75113000BH0014,,,55,40.99,56,,,,,,,,2,3,Dépendance,,0,,,,,,2.370599,48.829352
2024-1226813,2024-06-20,000001,Adjudication,450000,35,,RUE CHARCOT,1786,75013,75113,Paris 13e Arrondissement,75,,,75113000BH0019,,,161,,68,,,,,,,,2,2,Appartement,64,3,,,,,,2.37022,48.829935
2024-1226862,2024-11-21,000001,Vente,268000,3,,RUE XAINTRAILLES,9973,75013,75113,Paris 13e Arrondissement,75,,,75113000BH0014,,,155,28.08,156,,,,,,,,2,3,Dépendance,,0,,,,,,2.370599,48.829352
2024-1226862,2024-11-21,000001,Vente,268000,3,,RUE XAINTRAILLES,9973,75013,75113,Paris 13e Arrondissement,75,,,75113000BH0014,,,155,28.08,156,,,,,,,,2,2,Appartement,29,1,,,,,,2.370599,48.829352
2024-1226865,2024-11-25,000001,Vente,348650,11,,RUE DUNOIS,2992,75013,75113,Paris 13e Arrondissement,75,,,75113000BH0023,,,1,43.25,14,,21,,,,,,3,3,Dépendance,,0,,,,,,2.370297,48.830071
2024-1226865,2024-11-25,000001,Vente,348650,11,,RUE DUNOIS,2992,75013,75113,Paris 13e Arrondissement,75,,,75113000BH0023,,,1,43.25,14,,21,,,,,,3,2,Appartement,43,1,,,,,,2.370297,48.830071
2024-1227073,2024-11-26,000001,Vente,253500,93,,RUE DU CHEVALERET,1990,75013,75113,Paris 13e Arrondissement,75,,,75113000BI0020,,,67,28.73,,,,,,,,,1,2,Appartement,28,2,,,,,,2.375086,48.830017
2024-1227073,2024-11-26,000001,Vente,253500,93,,RUE DU CHEVALERET,1990,75013,75113,Paris 13e Arrondissement,75,,,75113000BI0020,,,91,,,,,,,,,,1,3,Dépendance,,0,,,,,,2.375086,48.830017
2024-1227399,2024-11-28,000001,Vente,71800,15,,RUE DE TOLBIAC,9337,75013,75113,Paris 13e Arrondissement,75,,,75113000CG0037,,,71,,,,,,,,,,1,4,Local industriel. commercial ou assimilé,15,0,,,,,,2.374847,48.829257
2024-1227415,2024-12-05,000001,Vente,500000,10,,RUE DE REIMS,8109,75013,75113,Paris 13e Arrondissement,75,,,75113000BH0036,,,574,61.8,684,,,,,,,,2,2,Appartement,64,3,,,,,,2.37108,48.828875
2024-1227415,2024-12-05,000001,Vente,500000,10,,RUE DE REIMS,8109,75013,75113,Paris 13e Arrondissement,75,,,75113000BH0036,,,809,,,,,,,,,,1,3,Dépendance,,0,,,,,,2.37108,48.828875
2024-1227415,2024-12-05,000001,Vente,500000,10,,RUE DE REIMS,8109,75013,75113,Paris 13e Arrondissement,75,,,75113000BH0036,,,574,61.8,684,,,,,,,,2,3,Dépendance,,0,,,,,,2.37108,48.828875
2024-1227703,2024-12-05,000001,Vente,630000,10,,RUE XAINTRAILLES,9973,75013,75113,Paris 13e Arrondissement,75,,,75113000BH0024,,,21,,6,77.59,,,,,,,2,2,Appartement,78,3,,,,,,2.370507,48.829855
2024-1227703,2024-12-05,000001,Vente,630000,10,,RUE XAINTRAILLES,9973,75013,75113,Paris 13e Arrondissement,75,,,75113000BH0024,,,48,,,,,,,,,,1,3,Dépendance,,0,,,,,,2.370507,48.829855
2024-1227703,2024-12-05,000001,Vente,630000,10,,RUE XAINTRAILLES,9973,75013,75113,Paris 13e Arrondissement,75,,,75113000BH0024,,,21,,6,77.59,,,,,,,2,3,Dépendance,,0,,,,,,2.370507,48.829855
2024-1227775,2024-12-16,000001,Vente,654240,70,,RUE DU CHEVALERET,1990,75013,75113,Paris 13e Arrondissement,75,,,75113000BS0048,,114,,,,,,,,,,,0,,,,,,,,,,2.375185,48.830565
2024-1228793,2024-12-17,000001,Vente,730000,3,,RUE XAINTRAILLES,9973,75013,75113,Paris 13e Arrondissement,75,,,75113000BH0014,,,263,60.03,264,,,,,,,,2,3,Dépendance,,0,,,,,,2.370599,48.829352
2024-1228793,2024-12-17,000001,Vente,730000,3,,RUE XAINTRAILLES,9973,75013,75113,Paris 13e Arrondissement,75,,,75113000BH0014,,,263,60.03,264,,,,,,,,2,3,Dépendance,,0,,,,,,2.370599,48.829352
2024-1228793,2024-12-17,000001,Vente,730000,3,,RUE XAINTRAILLES,9973,75013,75113,Paris 13e Arrondissement,75,,,75113000BH0014,,,263,60.03,264,,,,,,,,2,3,Dépendance,,0,,,,,,2.370599,48.829352
2024-1228793,2024-12-17,000001,Vente,730000,3,,RUE XAINTRAILLES,9973,75013,75113,Paris 13e Arrondissement,75,,,75113000BH0014,,,263,60.03,264,,,,,,,,2,2,Appartement,150,7,,,,,,2.370599,48.829352
2024-1229125,2024-12-18,000001,Vente,367000,46,,RUE DE DOMREMY,2894,75013,75113,Paris 13e Arrondissement,75,,,75113000BH0077,,,21,45.76,55,,,,,,,,2,2,Appartement,43,2,,,,,,2.370412,48.829089
2024-1229125,2024-12-18,000001,Vente,367000,46,,RUE DE DOMREMY,2894,75013,75113,Paris 13e Arrondissement,75,,,75113000BH0077,,,21,45.76,55,,,,,,,,2,3,Dépendance,,0,,,,,,2.370412,48.829089
2025-1293043,2025-01-06,000001,Vente,248800,23,,RUE DE DOMREMY,2894,75013,75113,Paris 13e Arrondissement,75,,,75113000BI0001,,,251,26,252,,253,,281,,,,4,3,Dépendance,,0,,,,,,2.372091,48.829706
2025-1293043,2025-01-06,000001,Vente,248800,23,,RUE DE DOMREMY,2894,75013,75113,Paris 13e Arrondissement,75,,,75113000BI0001,,,251,26,252,,253,,281,,,,4,2,Appartement,30,3,,,,,,2.372091,48.829706
2025-1293156,2025-01-16,000001,Vente,555000,3,,RUE XAINTRAILLES,9973,75013,75113,Paris 13e Arrondissement,75,,,75113000BH0014,,,67,,68,,,,,,,,2,3,Dépendance,,0,,,,,,2.370599,48.829352
2025-1293411,2025-01-08,000001,Vente,535000,60,,RUE DU DESSOUS DES BERGES,2756,75013,75113,Paris 13e Arrondissement,75,,,75113000CG0050,,,49,64.31,52,,,,,,,,2,3,Dépendance,,0,,,,,,2.374065,48.827789
2025-1293411,2025-01-08,000001,Vente,535000,60,,RUE DU DESSOUS DES BERGES,2756,75013,75113,Paris 13e Arrondissement,75,,,75113000CG0050,,,49,64.31,52,,,,,,,,2,2,Appartement,64,3,,,,,,2.374065,48.827789
2025-1293815,2025-01-21,000001,Vente,176610,30,,RUE DE TOLBIAC,9337,75013,75113,Paris 13e Arrondissement,75,,,75113000BI0030,,,230,,239,,,,,,,,2,3,Dépendance,,0,,,,,,2.373065,48.828783
2025-1293815,2025-01-21,000001,Vente,176610,30,,RUE DE TOLBIAC,9337,75013,75113,Paris 13e Arrondissement,75,,,75113000BI0030,,,230,,239,,,,,,,,2,2,Appartement,32,2,,,,,,2.373065,48.828783
2025-1293963,2025-01-28,000001,Vente,245000,1,,RUE XAINTRAILLES,9973,75013,75113,Paris 13e Arrondissement,75,,,75113000BH0013,,,11,,36,,,,,,,,2,2,Appartement,32,2,,,,,,2.371122,48.829483
2025-1293963,2025-01-28,000001,Vente,245000,1,,RUE XAINTRAILLES,9973,75013,75113,Paris 13e Arrondissement,75,,,75113000BH0013,,,11,,36,,,,,,,,2,3,Dépendance,,0,,,,,,2.371122,48.829483
2025-1294279,2025-02-03,000001,Vente,294065,24,,RUE CHARCOT,1786,75013,75113,Paris 13e Arrondissement,75,,,75113000BJ0017,,,82,27.8,,,,,,,,,1,2,Appartement,28,2,,,,,,2.371068,48.830994
2025-1294325,2025-01-31,000001,Vente,445000,39,,RUE DE TOLBIAC,9337,75013,75113,Paris 13e Arrondissement,75,,,75113000CG0024,,,14,57.49,,,,,,,,,1,3,Dépendance,,0,,,,,,2.372414,48.827954
2025-1294325,2025-01-31,000001,Vente,445000,39,,RUE DE TOLBIAC,9337,75013,75113,Paris 13e Arrondissement,75,,,75113000CG0024,,,14,57.49,,,,,,,,,1,2,Appartement,53,3,,,,,,2.372414,48.827954
2025-1294444,2025-01-23,000001,Vente,268000,93,,RUE DU CHEVALERET,1990,75013,75113,Paris 13e Arrondissement,75,,,75113000BI0020,,,68,28.01,94,,,,,,,,2,3,Dépendance,,0,,,,,,2.375086,48.830017
2025-1294444,2025-01-23,000001,Vente,268000,93,,RUE DU CHEVALERET,1990,75013,75113,Paris 13e Arrondissement,75,,,75113000BI0020,,,68,28.01,94,,,,,,,,2,2,Appartement,27,2,,,,,,2.375086,48.830017
2025-1294908,2025-02-18,000001,Vente,255000,39,,RUE DE TOLBIAC,9337,75013,75113,Paris 13e Arrondissement,75,,,75113000CG0024,,,15,,,,,,,,,,1,2,Appartement,31,2,,,,,,2.372414,48.827954
2025-1294908,2025-02-18,000001,Vente,255000,39,,RUE DE TOLBIAC,9337,75013,75113,Paris 13e Arrondissement,75,,,75113000CG0024,,,15,,,,,,,,,,1,3,Dépendance,,0,,,,,,2.372414,48.827954
2025-1295005,2025-02-07,000001,Vente,173000,6,,RUE DUNOIS,2992,75013,75113,Paris 13e Arrondissement,75,,,75113000BJ0042,,,127,21.15,76,,,,,,,,2,2,Appartement,19,1,,,,,,2.371364,48.830024
2025-1295005,2025-02-07,000001,Vente,173000,6,,RUE DUNOIS,2992,75013,75113,Paris 13e Arrondissement,75,,,75113000BJ0042,,,127,21.15,76,,,,,,,,2,3,Dépendance,,0,,,,,,2.371364,48.830024
2025-1295121,2025-02-04,000001,Vente,553000,3,,RUE XAINTRAILLES,9973,75013,75113,Paris 13e Arrondissement,75,,,75113000BH0014,,,57,64,58,,,,,,,,2,2,Appartement,68,3,,,,,,2.370599,48.829352
2025-1295172,2025-02-04,000001,Vente,260000,3,,RUE XAINTRAILLES,9973,75013,75113,Paris 13e Arrondissement,75,,,75113000BH0014,,,171,28.99,172,,,,,,,,2,2,Appartement,29,1,,,,,,2.370599,48.829352
2025-1295172,2025-02-04,000001,Vente,260000,3,,RUE XAINTRAILLES,9973,75013,75113,Paris 13e Arrondissement,75,,,75113000BH0014,,,171,28.99,172,,,,,,,,2,3,Dépendance,,0,,,,,,2.370599,48.829352
2025-1295248,2025-02-28,000001,Vente,290000,16,,RUE DE TOLBIAC,9337,75013,75113,Paris 13e Arrondissement,75,,,75113000BI0024,,,106,,17,37.61,,,,,,,2,3,Dépendance,,0,,,,,,2.374584,48.829778
2025-1295248,2025-02-28,000001,Vente,290000,16,,RUE DE TOLBIAC,9337,75013,75113,Paris 13e Arrondissement,75,,,75113000BI0024,,,106,,17,37.61,,,,,,,2,2,Appartement,37,2,,,,,,2.374584,48.829778
2025-1295261,2025-02-11,000001,Vente,292915,24,,RUE CHARCOT,1786,75013,75113,Paris 13e Arrondissement,75,,,75113000BJ0017,,,84,27.79,,,,,,,,,1,2,Appartement,28,2,,,,,,2.371068,48.830994
2025-1295617,2025-02-26,000001,Vente,675200,11,,RUE DUNOIS,2992,75013,75113,Paris 13e Arrondissement,75,,,75113000BH0023,,,13,,7,,,,,,,,2,3,Dépendance,,0,,,,,,2.370297,48.830071
2025-1295617,2025-02-26,000001,Vente,675200,11,,RUE DUNOIS,2992,75013,75113,Paris 13e Arrondissement,75,,,75113000BH0023,,,16,,6,85.11,,,,,,,2,2,Appartement,45,2,,,,,,2.370297,48.830071
2025-1295617,2025-02-26,000001,Vente,675200,11,,RUE DUNOIS,2992,75013,75113,Paris 13e Arrondissement,75,,,75113000BH0023,,,13,,7,,,,,,,,2,2,Appartement,39,2,,,,,,2.370297,48.830071
2025-1295617,2025-02-26,000001,Vente,675200,11,,RUE DUNOIS,2992,75013,75113,Paris 13e Arrondissement,75,,,75113000BH0023,,,16,,6,85.11,,,,,,,2,3,Dépendance,,0,,,,,,2.370297,48.830071
2025-1295702,2025-03-04,000001,Vente,19500000,17,,RUE DE TOLBIAC,9337,75013,75113,Paris 13e Arrondissement,75,,,75113000CG0079,,2,,,,,,,,,,,0,,,,,,,,,,2.374641,48.828974
2025-1296750,2025-03-19,000001,Vente,345000,3,,RUE XAINTRAILLES,9973,75013,75113,Paris 13e Arrondissement,75,,,75113000BH0014,,,31,40.03,32,,,,,,,,2,3,Dépendance,,0,,,,,,2.370599,48.829352
2025-1296750,2025-03-19,000001,Vente,345000,3,,RUE XAINTRAILLES,9973,75013,75113,Paris 13e Arrondissement,75,,,75113000BH0014,,,31,40.03,32,,,,,,,,2,2,Appartement,42,2,,,,,,2.370599,48.829352
2025-1298084,2025-03-31,000001,Vente,1200000,127,,AV DE FRANCE,3796,75013,75113,Paris 13e Arrondissement,75,,,75113000BS0045,,,59,,,,,,,,,,1,2,Appartement,114,5,,,,,,2.375818,48.830843
2025-1298088,2025-03-28,000001,Vente,165000,73,,RUE DU CHEVALERET,1990,75013,75113,Paris 13e Arrondissement,75,,,75113000CG0043,,,10,,,,,,,,,,1,3,Dépendance,,0,,,,,,2.375909,48.828633
2025-1298088,2025-03-28,000001,Vente,165000,73,,RUE DU CHEVALERET,1990,75013,75113,Paris 13e Arrondissement,75,,,75113000CG0043,,,10,,,,,,,,,,1,2,Appartement,16,1,,,,,,2.375909,48.828633
2025-1298088,2025-03-28,000001,Vente,165000,73,,RUE DU CHEVALERET,1990,75013,75113,Paris 13e Arrondissement,75,,,75113000CG0043,,,10,,,,,,,,,,1,3,Dépendance,,0,,,,,,2.375909,48.828633
2025-1298259,2025-04-11,000001,Vente,287290,10,,RUE DE DOMREMY,2894,75013,75113,Paris 13e Arrondissement,75,,,75113000BJ0032,,,20,,30,28.78,,,,,,,2,3,Dépendance,,0,,,,,,2.373473,48.830795
2025-1298259,2025-04-11,000001,Vente,287290,10,,RUE DE DOMREMY,2894,75013,75113,Paris 13e Arrondissement,75,,,75113000BJ0032,,,20,,30,28.78,,,,,,,2,2,Appartement,28,2,,,,,,2.373473,48.830795
2025-1298304,2025-04-09,000001,Vente,216000,16,,RUE DE TOLBIAC,9337,75013,75113,Paris 13e Arrondissement,75,,,75113000BI0024,,,138,,19,,,,,,,,2,2,Appartement,32,1,,,,,,2.374584,48.829778
2025-1298580,2025-04-09,000001,Vente,8000,60,,RUE DU DESSOUS DES BERGES,2756,75013,75113,Paris 13e Arrondissement,75,,,75113000CG0050,,,44,,,,,,,,,,1,3,Dépendance,,0,,,,,,2.374065,48.827789
2025-1298968,2025-03-31,000001,Vente,423320,3,,RUE XAINTRAILLES,9973,75013,75113,Paris 13e Arrondissement,75,,,75113000BH0014,,,93,,94,,,,,,,,2,3,Dépendance,,0,,,,,,2.370599,48.829352
2025-1298968,2025-03-31,000001,Vente,423320,3,,RUE XAINTRAILLES,9973,75013,75113,Paris 13e Arrondissement,75,,,75113000BH0014,,,93,,94,,,,,,,,2,3,Dépendance,,0,,,,,,2.370599,48.829352
2025-1298968,2025-03-31,000001,Vente,423320,3,,RUE XAINTRAILLES,9973,75013,75113,Paris 13e Arrondissement,75,,,75113000BH0014,,,93,,94,,,,,,,,2,2,Appartement,43,2,,,,,,2.370599,48.829352
2025-1299281,2025-05-05,000001,Vente,365000,10,,RUE DE DOMREMY,2894,75013,75113,Paris 13e Arrondissement,75,,,75113000BJ0032,,,46,,50,,,,,,,,2,3,Dépendance,,0,,,,,,2.373473,48.830795
2025-1299281,2025-05-05,000001,Vente,365000,10,,RUE DE DOMREMY,2894,75013,75113,Paris 13e Arrondissement,75,,,75113000BJ0032,,,46,,50,,,,,,,,2,3,Dépendance,,0,,,,,,2.373473,48.830795
2025-1299281,2025-05-05,000001,Vente,365000,10,,RUE DE DOMREMY,2894,75013,75113,Paris 13e Arrondissement,75,,,75113000BJ0032,,,46,,50,,,,,,,,2,2,Appartement,30,2,,,,,,2.373473,48.830795
2025-1299777,2025-04-30,000001,Vente,1077700,7,,RUE DUNOIS,2992,75013,75113,Paris 13e Arrondissement,75,,,75113000BH0024,,,29,116.07,43,,,,,,,,2,2,Appartement,118,5,,,,,,2.370507,48.829855
2025-1299777,2025-04-30,000001,Vente,1077700,7,,RUE DUNOIS,2992,75013,75113,Paris 13e Arrondissement,75,,,75113000BH0024,,,29,116.07,43,,,,,,,,2,3,Dépendance,,0,,,,,,2.370507,48.829855
2025-1299777,2025-04-30,000001,Vente,1077700,7,,RUE DUNOIS,2992,75013,75113,Paris 13e Arrondissement,75,,,75113000BH0024,,,45,,,,,,,,,,1,3,Dépendance,,0,,,,,,2.370507,48.829855
2025-1300141,2025-05-05,000001,Vente,295000,10,,RUE DE REIMS,8109,75013,75113,Paris 13e Arrondissement,75,,,75113000BH0036,,,492,40.25,653,,,,,,,,2,3,Dépendance,,0,,,,,,2.37108,48.828875
2025-1300141,2025-05-05,000001,Vente,295000,10,,RUE DE REIMS,8109,75013,75113,Paris 13e Arrondissement,75,,,75113000BH0036,,,492,40.25,653,,,,,,,,2,2,Appartement,118,5,,,,,,2.37108,48.828875
2025-1300206,2025-04-30,000001,Vente,535000,28,,RUE DE TOLBIAC,9337,75013,75113,Paris 13e Arrondissement,75,,,75113000BI0027,,,19,64.22,,,,,,,,,1,2,Appartement,63,3,,,,,,2.373282,48.828961
2025-1300206,2025-04-30,000001,Vente,535000,28,,RUE DE TOLBIAC,9337,75013,75113,Paris 13e Arrondissement,75,,,75113000BI0027,,,39,,,,,,,,,,1,3,Dépendance,,0,,,,,,2.373282,48.828961
2025-1300449,2025-05-26,000001,Vente,187800,31,,RUE DE DOMREMY,2894,75013,75113,Paris 13e Arrondissement,75,,,75113000BH0029,,,4,24.21,7,,,,,,,,2,3,Dépendance,,0,,,,,,2.371439,48.829409
2025-1300449,2025-05-26,000001,Vente,187800,31,,RUE DE DOMREMY,2894,75013,75113,Paris 13e Arrondissement,75,,,75113000BH0029,,,4,24.21,7,,,,,,,,2,2,Appartement,24,2,,,,,,2.371439,48.829409
2025-1301257,2025-05-22,000001,Vente,268000,3,,RUE XAINTRAILLES,9973,75013,75113,Paris 13e Arrondissement,75,,,75113000BH0014,,,113,29.99,114,,,,,,,,2,3,Dépendance,,0,,,,,,2.370599,48.829352
2025-1301257,2025-05-22,000001,Vente,268000,3,,RUE XAINTRAILLES,9973,75013,75113,Paris 13e Arrondissement,75,,,75113000BH0014,,,113,29.99,114,,,,,,,,2,2,Appartement,30,1,,,,,,2.370599,48.829352
2025-1301257,2025-05-22,000001,Vente,268000,3,,RUE XAINTRAILLES,9973,75013,75113,Paris 13e Arrondissement,75,,,75113000BH0014,,,113,29.99,114,,,,,,,,2,3,Dépendance,,0,,,,,,2.370599,48.829352
2025-1301551,2025-05-28,000001,Vente,569400,10,,RUE DE REIMS,8109,75013,75113,Paris 13e Arrondissement,75,,,75113000BH0036,,,490,,651,,,,,,,,2,2,Appartement,65,3,,,,,,2.37108,48.828875
2025-1301570,2025-06-04,000001,Vente,152000,89,,RUE DU DESSOUS DES BERGES,2756,75013,75113,Paris 13e Arrondissement,75,,,75113000CG0020,,,16,,,,,,,,,,1,2,Appartement,20,1,,,,,,2.373001,48.827812
2025-1301617,2025-06-10,000001,Vente,366300,2,,RUE DE REIMS,8109,75013,75113,Paris 13e Arrondissement,75,,,75113000BH0043,,,42,52.72,,,,,,,,,1,2,Appartement,52,2,,,,,,2.372051,48.828927
2025-1301690,2025-05-21,000001,Vente,350000,41,,RUE DE TOLBIAC,9337,75013,75113,Paris 13e Arrondissement,75,,,75113000CG0004,,,30,37.59,47,,,,,,,,2,3,Dépendance,,0,,,,,,2.372328,48.827895
2025-1301690,2025-05-21,000001,Vente,350000,41,,RUE DE TOLBIAC,9337,75013,75113,Paris 13e Arrondissement,75,,,75113000CG0004,,,30,37.59,47,,,,,,,,2,2,Appartement,40,3,,,,,,2.372328,48.827895
2025-1302270,2025-06-20,000001,Vente,260000,80,,RUE DU DESSOUS DES BERGES,2756,75013,75113,Paris 13e Arrondissement,75,,,75113000BI0028,,,179,,,,,,,,,,1,3,Dépendance,,0,,,,,,2.372988,48.829025
2025-1302270,2025-06-20,000001,Vente,260000,80,,RUE DU DESSOUS DES BERGES,2756,75013,75113,Paris 13e Arrondissement,75,,,75113000BI0028,,,161,,,,,,,,,,1,2,Appartement,26,2,,,,,,2.372988,48.829025
2025-1302329,2025-06-19,000001,Vente,139000,23,,RUE DE DOMREMY,2894,75013,75113,Paris 13e Arrondissement,75,,,75113000BI0001,,,242,18.12,,,,,,,,,1,2,Appartement,18,1,,,,,,2.372091,48.829706
2025-1303442,2025-07-02,000001,Vente,307000,90,,RUE DU DESSOUS DES BERGES,2756,75013,75113,Paris 13e Arrondissement,75,,,75113000BI0005,,,30,38.11,,,,,,,,,1,2,Appartement,49,2,,,,,,2.3725,48.82935
2025-1303964,2025-07-16,000001,Vente,395000,33,,RUE DE TOLBIAC,9337,75013,75113,Paris 13e Arrondissement,75,,,75113000CG0028,,,20,49.41,,,,,,,,,1,3,Dépendance,,0,,,,,,2.372863,48.828215
2025-1303964,2025-07-16,000001,Vente,395000,33,,RUE DE TOLBIAC,9337,75013,75113,Paris 13e Arrondissement,75,,,75113000CG0028,,,20,49.41,,,,,,,,,1,2,Appartement,49,3,,,,,,2.372863,48.828215
2025-1304007,2025-07-18,000001,Vente,378750,32,,RUE DE TOLBIAC,9337,75013,75113,Paris 13e Arrondissement,75,,,75113000BI0031,,,76,,8,,,,,,,,2,2,Appartement,40,2,,,,,,2.372955,48.828742
2025-1304007,2025-07-18,000001,Vente,378750,32,,RUE DE TOLBIAC,9337,75013,75113,Paris 13e Arrondissement,75,,,75113000BI0031,,,76,,8,,,,,,,,2,3,Dépendance,,0,,,,,,2.372955,48.828742
2025-1304307,2025-07-15,000001,Vente,1100,5,,RUE DE DOMREMY,2894,75013,75113,Paris 13e Arrondissement,75,,,75113000BI0013,,,27,,,,,,,,,,1,3,Dépendance,,0,,,,,,2.374183,48.830611
2025-1304307,2025-07-15,000001,Vente,1100,5,,RUE DE DOMREMY,2894,75013,75113,Paris 13e Arrondissement,75,,,75113000BI0013,,,27,,,,,,,,,,1,2,Appartement,37,2,,,,,,2.374183,48.830611
2025-1304313,2025-07-15,000001,Vente,700,5,,RUE DE DOMREMY,2894,75013,75113,Paris 13e Arrondissement,75,,,75113000BI0013,,,46,,,,,,,,,,1,3,Dépendance,,0,,,,,,2.374183,48.830611
2025-1304352,2025-07-15,000001,Vente,1100,5,,RUE DE DOMREMY,2894,75013,75113,Paris 13e Arrondissement,75,,,75113000BI0013,,,26,,,,,,,,,,1,2,Appartement,37,2,,,,,,2.374183,48.830611
2025-1304402,2025-07-16,000001,Vente,195000,2,,RUE DUNOIS,2992,75013,75113,Paris 13e Arrondissement,75,,,75113000BJ0041,,,34,20.91,62,,,,,,,,2,2,Appartement,15,1,,,,,,2.3715,48.829858
2025-1304646,2025-07-23,000001,Vente,598500,3,,RUE XAINTRAILLES,9973,75013,75113,Paris 13e Arrondissement,75,,,75113000BH0014,,,266,,,,,,,,,,1,3,Dépendance,,0,,,,,,2.370599,48.829352
2025-1304646,2025-07-23,000001,Vente,598500,3,,RUE XAINTRAILLES,9973,75013,75113,Paris 13e Arrondissement,75,,,75113000BH0014,,,265,52.03,,,,,,,,,1,3,Dépendance,,0,,,,,,2.370599,48.829352
2025-1305234,2025-07-28,000001,Vente,542000,3,,RUE XAINTRAILLES,9973,75013,75113,Paris 13e Arrondissement,75,,,75113000BH0014,,,39,,40,,,,,,,,2,2,Appartement,66,3,,,,,,2.370599,48.829352
2025-1305234,2025-07-28,000001,Vente,542000,3,,RUE XAINTRAILLES,9973,75013,75113,Paris 13e Arrondissement,75,,,75113000BH0014,,,39,,40,,,,,,,,2,3,Dépendance,,0,,,,,,2.370599,48.829352
2025-1305438,2025-08-06,000001,Vente,17000,12,,RUE XAINTRAILLES,9973,75013,75113,Paris 13e Arrondissement,75,,,75113000BH0019,,,36,,,,,,,,,,1,3,Dépendance,,0,,,,,,2.37022,48.829935
2025-1306031,2025-07-31,000001,Vente,148000,34,,RUE DE DOMREMY,2894,75013,75113,Paris 13e Arrondissement,75,,,75113000BH0012,,,23,,9,20.92,,,,,,,2,3,Dépendance,,0,,,,,,2.371001,48.829423
2025-1306031,2025-07-31,000001,Vente,148000,34,,RUE DE DOMREMY,2894,75013,75113,Paris 13e Arrondissement,75,,,75113000BH0012,,,23,,9,20.92,,,,,,,2,2,Appartement,22,1,,,,,,2.371001,48.829423
2025-1306045,2025-07-30,000001,Vente,447450,11,,RUE DUNOIS,2992,75013,75113,Paris 13e Arrondissement,75,,,75113000BH0023,,,2,59,35,,36,,,,,,3,2,Appartement,56,2,,,,,,2.370297,48.830071
2025-1306045,2025-07-30,000001,Vente,447450,11,,RUE DUNOIS,2992,75013,75113,Paris 13e Arrondissement,75,,,75113000BH0023,,,2,59,35,,36,,,,,,3,3,Dépendance,,0,,,,,,2.370297,48.830071
2025-1306171,2025-08-26,000001,Vente,300000,87,,RUE DU DESSOUS DES BERGES,2756,75013,75113,Paris 13e Arrondissement,75,,,75113000CG0019,,,16,,17,,18,,19,,2,43.22,7,2,Appartement,18,1,,,,,,2.373192,48.827813
2025-1306273,2025-08-27,000001,Vente,347900,14,,RUE DE TOLBIAC,9337,75013,75113,Paris 13e Arrondissement,75,,,75113000BI0023,,,19,51.2,,,,,,,,,1,2,Appartement,57,3,,,,,,2.374847,48.829866
2025-1306273,2025-08-27,000001,Vente,347900,14,,RUE DE TOLBIAC,9337,75013,75113,Paris 13e Arrondissement,75,,,75113000BI0023,,,19,51.2,,,,,,,,,1,2,Appartement,52,2,,,,,,2.374847,48.829866
2025-1306275,2025-08-27,000001,Vente,379400,14,,RUE DE TOLBIAC,9337,75013,75113,Paris 13e Arrondissement,75,,,75113000BI0023,,,18,54.2,,,,,,,,,1,2,Appartement,57,3,,,,,,2.374847,48.829866
2025-1306275,2025-08-27,000001,Vente,379400,14,,RUE DE TOLBIAC,9337,75013,75113,Paris 13e Arrondissement,75,,,75113000BI0023,,,18,54.2,,,,,,,,,1,2,Appartement,52,2,,,,,,2.374847,48.829866
2025-1306281,2025-08-27,000001,Vente,510000,35,,RUE CHARCOT,1786,75013,75113,Paris 13e Arrondissement,75,,,75113000BH0019,,,158,,65,,,,,,,,2,2,Appartement,64,3,,,,,,2.37022,48.829935
2025-1306281,2025-08-27,000001,Vente,510000,35,,RUE CHARCOT,1786,75013,75113,Paris 13e Arrondissement,75,,,75113000BH0019,,,158,,65,,,,,,,,2,3,Dépendance,,0,,,,,,2.37022,48.829935
2025-1306942,2025-09-09,000001,Vente,100000,80,,RUE DU DESSOUS DES BERGES,2756,75013,75113,Paris 13e Arrondissement,75,,,75113000BI0028,,,194,,206,,,,,,,,2,2,Appartement,11,1,,,,,,2.372988,48.829025
2025-1306942,2025-09-09,000001,Vente,100000,80,,RUE DU DESSOUS DES BERGES,2756,75013,75113,Paris 13e Arrondissement,75,,,75113000BI0028,,,194,,206,,,,,,,,2,3,Dépendance,,0,,,,,,2.372988,48.829025
2025-1307222,2025-08-27,000001,Vente,11000,5,,RUE LEREDDE,5597,75013,75113,Paris 13e Arrondissement,75,,,75113000CG0071,,,748,,,,,,,,,,1,3,Dépendance,,0,,,,,,2.374125,48.828751
2025-1307527,2025-09-24,000001,Vente,159000,15,,RUE DE TOLBIAC,9337,75013,75113,Paris 13e Arrondissement,75,,,75113000CG0037,,,83,,,,,,,,,,1,2,Appartement,20,1,,,,,,2.374847,48.829257
2025-1307632,2025-09-24,000001,Vente,240000,89,B,RUE DU DESSOUS DES BERGES,2756,75013,75113,Paris 13e Arrondissement,75,,,75113000CG0021,,,5,29.8,,,,,,,,,1,3,Dépendance,,0,,,,,,2.373228,48.827938
2025-1307632,2025-09-24,000001,Vente,240000,89,B,RUE DU DESSOUS DES BERGES,2756,75013,75113,Paris 13e Arrondissement,75,,,75113000CG0021,,,5,29.8,,,,,,,,,1,2,Appartement,28,2,,,,,,2.373228,48.827938
2025-1307844,2025-09-24,000001,Vente,65000,11,,RUE DUNOIS,2992,75013,75113,Paris 13e Arrondissement,75,,,75113000BH0023,,,29,,,,,,,,,,1,3,Dépendance,,0,,,,,,2.370297,48.830071
2025-1308128,2025-09-16,000001,Vente,202000,1,,RUE XAINTRAILLES,9973,75013,75113,Paris 13e Arrondissement,75,,,75113000BH0013,,,9,25.96,,,,,,,,,1,2,Appartement,26,1,,,,,,2.371122,48.829483
2025-1308128,2025-09-16,000001,Vente,202000,1,,RUE XAINTRAILLES,9973,75013,75113,Paris 13e Arrondissement,75,,,75113000BH0013,,,9,25.96,,,,,,,,,1,3,Dépendance,,0,,,,,,2.371122,48.829483
2025-1308169,2025-09-29,000001,Vente,467000,5,,RUE LEREDDE,5597,75013,75113,Paris 13e Arrondissement,75,,,75113000CG0071,,,123,57.5,795,,,,,,,,2,3,Dépendance,,0,,,,,,2.374125,48.828751
2025-1308169,2025-09-29,000001,Vente,467000,5,,RUE LEREDDE,5597,75013,75113,Paris 13e Arrondissement,75,,,75113000CG0071,,,123,57.5,795,,,,,,,,2,2,Appartement,58,3,,,,,,2.374125,48.828751
2025-1308169,2025-09-29,000001,Vente,467000,5,,RUE LEREDDE,5597,75013,75113,Paris 13e Arrondissement,75,,,75113000CG0071,,,756,,,,,,,,,,1,3,Dépendance,,0,,,,,,2.374125,48.828751
2025-1308255,2025-09-26,000001,Vente,147386.38,30,,RUE DE DOMREMY,2894,75013,75113,Paris 13e Arrondissement,75,,,75113000BJ0040,,,125,,169,,,,,,,,2,2,Appartement,18,1,,,,,,2.371663,48.829821
2025-1308255,2025-09-26,000001,Vente,147386.38,30,,RUE DE DOMREMY,2894,75013,75113,Paris 13e Arrondissement,75,,,75113000BJ0040,,,125,,169,,,,,,,,2,3,Dépendance,,0,,,,,,2.371663,48.829821
2025-1308293,2025-09-23,000001,Vente,192500,3,,PL DE L'ESC NORMANDIE NIEMEN,3365,75013,75113,Paris 13e Arrondissement,75,,,75113000BJ0061,,,140,,3,26.93,,,,,,,2,2,Appartement,28,1,,,,,,2.371223,48.831213
2025-1308293,2025-09-23,000001,Vente,192500,3,,PL DE L'ESC NORMANDIE NIEMEN,3365,75013,75113,Paris 13e Arrondissement,75,,,75113000BJ0061,,,140,,3,26.93,,,,,,,2,3,Dépendance,,0,,,,,,2.371223,48.831213
2025-1308746,2025-09-19,000001,Vente,176800,113,,RUE DU CHEVALERET,1990,75013,75113,Paris 13e Arrondissement,75,,,75113000BJ0044,,,114,,139,25.02,,,,,,,2,3,Dépendance,,0,,,,,,2.373604,48.83124
2025-1308746,2025-09-19,000001,Vente,176800,113,,RUE DU CHEVALERET,1990,75013,75113,Paris 13e Arrondissement,75,,,75113000BJ0044,,,114,,139,25.02,,,,,,,2,2,Appartement,26,2,,,,,,2.373604,48.83124
2025-1309028,2025-10-10,000001,Vente,145000,23,,RUE DE DOMREMY,2894,75013,75113,Paris 13e Arrondissement,75,,,75113000BI0001,,,236,13.97,,,,,,,,,1,2,Appartement,16,1,,,,,,2.372091,48.829706
2025-1309248,2025-10-17,000001,Vente,740000,79,,RUE DU CHEVALERET,1990,75013,75113,Paris 13e Arrondissement,75,,,75113000CG0041,,,27,,,,,,,,,,1,2,Appartement,44,2,,,,,,2.375804,48.828978
2025-1309248,2025-10-17,000001,Vente,740000,79,,RUE DU CHEVALERET,1990,75013,75113,Paris 13e Arrondissement,75,,,75113000CG0041,,,31,,,,,,,,,,1,2,Appartement,45,3,,,,,,2.375804,48.828978
2025-1309248,2025-10-17,000001,Vente,740000,79,,RUE DU CHEVALERET,1990,75013,75113,Paris 13e Arrondissement,75,,,75113000CG0041,,,26,115.92,,,,,,,,,1,2,Appartement,32,1,,,,,,2.375804,48.828978
2025-1309248,2025-10-17,000001,Vente,740000,79,,RUE DU CHEVALERET,1990,75013,75113,Paris 13e Arrondissement,75,,,75113000CG0041,,,31,,,,,,,,,,1,3,Dépendance,,0,,,,,,2.375804,48.828978
2025-1309248,2025-10-17,000001,Vente,740000,79,,RUE DU CHEVALERET,1990,75013,75113,Paris 13e Arrondissement,75,,,75113000CG0041,,,27,,,,,,,,,,1,3,Dépendance,,0,,,,,,2.375804,48.828978
2025-1309248,2025-10-17,000001,Vente,740000,65,,RUE DU CHEVALERET,1990,75013,75113,Paris 13e Arrondissement,75,,,75113000CG0046,,,189,,,,,,,,,,1,3,Dépendance,,0,,,,,,2.376225,48.828211
2025-1309248,2025-10-17,000001,Vente,740000,65,,RUE DU CHEVALERET,1990,75013,75113,Paris 13e Arrondissement,75,,,75113000CG0046,,,190,,,,,,,,,,1,3,Dépendance,,0,,,,,,2.376225,48.828211
2025-1309419,2025-10-21,000001,Vente,150000,32,,RUE DE TOLBIAC,9337,75013,75113,Paris 13e Arrondissement,75,,,75113000BI0031,,,3,,56,,,,,,,,2,3,Dépendance,,0,,,,,,2.372955,48.828742
2025-1309419,2025-10-21,000001,Vente,150000,32,,RUE DE TOLBIAC,9337,75013,75113,Paris 13e Arrondissement,75,,,75113000BI0031,,,3,,56,,,,,,,,2,2,Appartement,16,1,,,,,,2.372955,48.828742
2025-1309937,2025-10-14,000001,Vente,359600,10,,RUE DE REIMS,8109,75013,75113,Paris 13e Arrondissement,75,,,75113000BH0036,,,471,40.39,645,,,,,,,,2,2,Appartement,37,2,,,,,,2.37108,48.828875
2025-1309973,2025-10-10,000001,Vente,8000,115,,RUE DU CHEVALERET,1990,75013,75113,Paris 13e Arrondissement,75,,,75113000BJ0043,,,17,,,,,,,,,,1,3,Dépendance,,0,,,,,,2.373419,48.831356
2025-1309973,2025-10-10,000001,Vente,8000,115,,RUE DU CHEVALERET,1990,75013,75113,Paris 13e Arrondissement,75,,,75113000BJ0043,,,17,,,,,,,,,,1,2,Appartement,40,2,,,,,,2.373419,48.831356
2025-1310169,2025-10-27,000001,Vente,295338,5,,RUE LEREDDE,5597,75013,75113,Paris 13e Arrondissement,75,,,75113000CG0071,,,30,58.02,519,,,,,,,,2,3,Dépendance,,0,,,,,,2.374125,48.828751
2025-1310169,2025-10-27,000001,Vente,295338,5,,RUE LEREDDE,5597,75013,75113,Paris 13e Arrondissement,75,,,75113000CG0071,,,30,58.02,519,,,,,,,,2,2,Appartement,59,3,,,,,,2.374125,48.828751
2025-1310169,2025-10-27,000001,Vente,295338,5,,RUE LEREDDE,5597,75013,75113,Paris 13e Arrondissement,75,,,75113000CG0071,,,546,,,,,,,,,,1,3,Dépendance,,0,,,,,,2.374125,48.828751
2025-1310285,2025-10-10,000001,Vente,417000,115,,RUE DU CHEVALERET,1990,75013,75113,Paris 13e Arrondissement,75,,,75113000BJ0043,,,16,,6,39.12,,,,,,,2,2,Appartement,40,2,,,,,,2.373419,48.831356
2025-1310597,2025-11-12,000001,Vente,555000,34,,RUE DE TOLBIAC,9337,75013,75113,Paris 13e Arrondissement,75,,,75113000BH0046,,,18,,28,,,,,,,,2,4,Local industriel. commercial ou assimilé,75,0,,,,,,2.372591,48.828536
2025-1311353,2025-11-21,000001,Vente,304050,115,,RUE DU DESSOUS DES BERGES,2756,75013,75113,Paris 13e Arrondissement,75,,,75113000BH0033,,,13,,,,,,,,,,1,2,Appartement,43,3,,,,,,2.371738,48.829295
2025-1311408,2025-11-21,000001,Vente,749400,5,,RUE LEREDDE,5597,75013,75113,Paris 13e Arrondissement,75,,,75113000CG0071,,,830,,,,,,,,,,1,3,Dépendance,,0,,,,,,2.374125,48.828751
2025-1311408,2025-11-21,000001,Vente,749400,5,,RUE LEREDDE,5597,75013,75113,Paris 13e Arrondissement,75,,,75113000CG0071,,,122,86.53,609,,,,,,,,2,3,Dépendance,,0,,,,,,2.374125,48.828751
2025-1311408,2025-11-21,000001,Vente,749400,5,,RUE LEREDDE,5597,75013,75113,Paris 13e Arrondissement,75,,,75113000CG0071,,,122,86.53,609,,,,,,,,2,2,Appartement,87,4,,,,,,2.374125,48.828751
2025-1311480,2025-11-13,000001,Vente,27000,10,,RUE DE REIMS,8109,75013,75113,Paris 13e Arrondissement,75,,,75113000BH0036,,,803,,,,,,,,,,1,3,Dépendance,,0,,,,,,2.37108,48.828875
2025-1311570,2025-11-14,000001,Vente,376100,93,,RUE DU CHEVALERET,1990,75013,75113,Paris 13e Arrondissement,75,,,75113000BI0020,,,126,41.54,93,,96,,,,,,3,3,Dépendance,,0,,,,,,2.375086,48.830017
2025-1311570,2025-11-14,000001,Vente,376100,93,,RUE DU CHEVALERET,1990,75013,75113,Paris 13e Arrondissement,75,,,75113000BI0020,,,126,41.54,93,,96,,,,,,3,2,Appartement,39,3,,,,,,2.375086,48.830017
2025-1311863,2025-11-14,000001,Vente,233000,89,,RUE DU DESSOUS DES BERGES,2756,75013,75113,Paris 13e Arrondissement,75,,,75113000CG0020,,,1,26.61,6,,7,,8,,9,,5,4,Local industriel. commercial ou assimilé,35,0,,,,,,2.373001,48.827812
2025-1312559,2025-11-25,000001,Vente,260000,93,,RUE DU CHEVALERET,1990,75013,75113,Paris 13e Arrondissement,75,,,75113000BI0020,,,109,,75,,,,,,,,2,2,Appartement,28,2,,,,,,2.375086,48.830017
2025-1312559,2025-11-25,000001,Vente,260000,93,,RUE DU CHEVALERET,1990,75013,75113,Paris 13e Arrondissement,75,,,75113000BI0020,,,109,,75,,,,,,,,2,3,Dépendance,,0,,,,,,2.375086,48.830017
2025-1312650,2025-12-01,000001,Vente,33500,2,,RUE DE REIMS,8109,75013,75113,Paris 13e Arrondissement,75,,,75113000BH0043,,,152,,,,,,,,,,1,3,Dépendance,,0,,,,,,2.372051,48.828927
2025-1312718,2025-11-20,000001,Vente,598000,1,,PL DE L'ESC NORMANDIE NIEMEN,3365,75013,75113,Paris 13e Arrondissement,75,,,75113000BJ0061,,,160,,37,69.86,,,,,,,2,3,Dépendance,,0,,,,,,2.371223,48.831213
2025-1312718,2025-11-20,000001,Vente,598000,20,,RUE CHARCOT,1786,75013,75113,Paris 13e Arrondissement,75,,,75113000BJ0061,,,251,,,,,,,,,,1,3,Dépendance,,0,,,,,,2.371223,48.831213
2025-1312718,2025-11-20,000001,Vente,598000,1,,PL DE L'ESC NORMANDIE NIEMEN,3365,75013,75113,Paris 13e Arrondissement,75,,,75113000BJ0061,,,160,,37,69.86,,,,,,,2,2,Appartement,69,3,,,,,,2.371223,48.831213
2025-1313178,2025-12-12,000001,Vente,327750,92,,RUE DU DESSOUS DES BERGES,2756,75013,75113,Paris 13e Arrondissement,75,,,75113000BI0003,,,17,32.66,,,,,,,,,1,2,Appartement,31,2,,,,,,2.37232,48.829439
2025-1313178,2025-12-12,000001,Vente,327750,92,,RUE DU DESSOUS DES BERGES,2756,75013,75113,Paris 13e Arrondissement,75,,,75113000BI0003,,,17,32.66,,,,,,,,,1,3,Dépendance,,0,,,,,,2.37232,48.829439
2025-1313204,2025-12-22,000001,Vente,12000,2,,RUE DE REIMS,8109,75013,75113,Paris 13e Arrondissement,75,,,75113000BH0043,,,112,,,,,,,,,,1,3,Dépendance,,0,,,,,,2.372051,48.828927
2025-1313859,2025-12-30,000001,Vente,457500,2,,RUE XAINTRAILLES,9973,75013,75113,Paris 13e Arrondissement,75,,,75113000BH0025,,,49,,,,,,,,,,1,3,Dépendance,,0,,,,,,2.370787,48.82977
2025-1313859,2025-12-30,000001,Vente,457500,2,,RUE XAINTRAILLES,9973,75013,75113,Paris 13e Arrondissement,75,,,75113000BH0025,,,15,,,,,,,,,,1,2,Appartement,100,4,,,,,,2.370787,48.82977
2025-1313859,2025-12-30,000001,Vente,457500,2,,RUE XAINTRAILLES,9973,75013,75113,Paris 13e Arrondissement,75,,,75113000BH0025,,,66,,,,,,,,,,1,3,Dépendance,,0,,,,,,2.370787,48.82977
2025-1313883,2025-12-29,000001,Vente,12500,12,,RUE XAINTRAILLES,9973,75013,75113,Paris 13e Arrondissement,75,,,75113000BH0019,,,27,,,,,,,,,,1,3,Dépendance,,0,,,,,,2.37022,48.829935
2025-1313920,2025-12-30,000001,Vente,7500,2,,RUE XAINTRAILLES,9973,75013,75113,Paris 13e Arrondissement,75,,,75113000BH0025,,,94,,,,,,,,,,1,3,Dépendance,,0,,,,,,2.370787,48.82977
2025-1313959,2025-12-23,000001,Vente,513490,5,,RUE LEREDDE,5597,75013,75113,Paris 13e Arrondissement,75,,,75113000CG0071,,,740,,,,,,,,,,1,3,Dépendance,,0,,,,,,2.374125,48.828751
2025-1313959,2025-12-23,000001,Vente,513490,5,,RUE LEREDDE,5597,75013,75113,Paris 13e Arrondissement,75,,,75113000CG0071,,,133,58.69,801,,,,,,,,2,2,Appartement,58,3,,,,,,2.374125,48.828751
2025-1313959,2025-12-23,000001,Vente,513490,5,,RUE LEREDDE,5597,75013,75113,Paris 13e Arrondissement,75,,,75113000CG0071,,,133,58.69,801,,,,,,,,2,3,Dépendance,,0,,,,,,2.374125,48.828751
2021-1718868,2021-03-05,000001,Vente en l'état futur d'achèvement,435000,8,,RUE LEREDDE,5597,75013,75113,Paris 13e Arrondissement,75,,,75113000CG0067,,,13,57.25,,,,,,,,,1,2,Appartement,57,3,,,,,,2.373506,48.828378
2021-1718712,2021-02-05,000001,Vente en l'état futur d'achèvement,1480000,8,,RUE LEREDDE,5597,75013,75113,Paris 13e Arrondissement,75,,,75113000CG0067,,,37,,,,,,,,,,1,3,Dépendance,,0,,,,,,2.373506,48.828378
2021-1718712,2021-02-05,000001,Vente en l'état futur d'achèvement,1480000,8,,RUE LEREDDE,5597,75013,75113,Paris 13e Arrondissement,75,,,75113000CG0067,,,34,,,,,,,,,,1,2,Appartement,107,4,,,,,,2.373506,48.828378
2024-1222991,2024-09-06,000001,Vente,1,15,,RUE DES GOBELINS,4211,75013,75113,Paris 13e Arrondissement,75,,,75113000EV0010,,,80,,,,,,,,,,1,2,Appartement,88,4,,,,,,2.351035,48.835704
2024-1213795,2024-03-12,000001,Vente,722000,8,,RUE DE POUY,7776,75013,75113,Paris 13e Arrondissement,75,,,75113000ED0174,,,2,,,,,,,,,,1,2,Appartement,69,3,,,,,,,
2024-1213795,2024-03-12,000001,Vente,722000,8,,RUE DE POUY,7776,75013,75113,Paris 13e Arrondissement,75,,,75113000ED0174,,,2,,,,,,,,,,1,3,Dépendance,,0,,,,,,,
