"Code_departement";"Code_region";"annee";"indicateur";"unite_de_compte";"nombre";"taux_pour_mille";"insee_pop";"insee_pop_millesime";"insee_log";"insee_log_millesime"
"01";"84";"2024";"Homicides";"Victime";"6";"0,0088320";"679344";"2023";"334271";"2022"
"05";"93";"2024";"Homicides";"Victime";"0";"0,0000000";"143467";"2023";"140963";"2022"
"07";"84";"2024";"Homicides";"Victime";"2";"0,0059839";"334231";"2023";"211903";"2022"
"13";"93";"2024";"Homicides";"Victime";"63";"0,0301774";"2087658";"2023";"1078388";"2022"
"18";"24";"2024";"Homicides";"Victime";"2";"0,0066966";"298660";"2023";"179778";"2022"
"2A";"94";"2024";"Homicides";"Victime";"5";"0,0297078";"168306";"2023";"126686";"2022"
"2B";"94";"2024";"Homicides";"Victime";"13";"0,0694519";"187180";"2023";"138794";"2022"
"59";"32";"2024";"Homicides";"Victime";"31";"0,0118518";"2615635";"2023";"1262771";"2022"
"70";"27";"2024";"Homicides";"Victime";"2";"0,0085769";"233185";"2023";"129885";"2022"
"75";"11";"2024";"Homicides";"Victime";"32";"0,0152107";"2103778";"2023";"1399122";"2022"
"90";"27";"2024";"Homicides";"Victime";"1";"0,0071299";"140255";"2023";"73832";"2022"
"971";"01";"2024";"Homicides";"Victime";"28";"0,0728863";"384160";"2023";"237578";"2022"
"973";"03";"2024";"Homicides";"Victime";"53";"0,1802746";"293996";"2023";"100424";"2022"
"976";"06";"2024";"Homicides";"Victime";"18";"0,0701705";"256518";"2017";"73880";"2017"
"01";"84";"2025";"Homicides";"Victime";"3";"0,0044160";"679344";"2023";"334271";"2022"
"05";"93";"2025";"Homicides";"Victime";"4";"0,0278810";"143467";"2023";"140963";"2022"
"07";"84";"2025";"Homicides";"Victime";"0";"0,0000000";"334231";"2023";"211903";"2022"
"13";"93";"2025";"Homicides";"Victime";"56";"0,0268243";"2087658";"2023";"1078388";"2022"
"18";"24";"2025";"Homicides";"Victime";"4";"0,0133932";"298660";"2023";"179778";"2022"
"2A";"94";"2025";"Homicides";"Victime";"2";"0,0118831";"168306";"2023";"126686";"2022"
"2B";"94";"2025";"Homicides";"Victime";"10";"0,0534245";"187180";"2023";"138794";"2022"
"59";"32";"2025";"Homicides";"Victime";"33";"0,0126164";"2615635";"2023";"1262771";"2022"
"70";"27";"2025";"Homicides";"Victime";"2";"0,0085769";"233185";"2023";"129885";"2022"
"75";"11";"2025";"Homicides";"Victime";"35";"0,0166367";"2103778";"2023";"1399122";"2022"
"90";"27";"2025";"Homicides";"Victime";"2";"0,0142597";"140255";"2023";"73832";"2022"
"971";"01";"2025";"Homicides";"Victime";"45";"0,1171387";"384160";"2023";"237578";"2022"
"973";"03";"2025";"Homicides";"Victime";"41";"0,1394577";"293996";"2023";"100424";"2022"
"976";"06";"2025";"Homicides";"Victime";"18";"0,0701705";"256518";"2017";"73880";"2017"
"01";"84";"2024";"Tentatives d'homicide";"Victime";"24";"0,0353282";"679344";"2023";"334271";"2022"
"05";"93";"2024";"Tentatives d'homicide";"Victime";"3";"0,0209107";"143467";"2023";"140963";"2022"
"07";"84";"2024";"Tentatives d'homicide";"Victime";"7";"0,0209436";"334231";"2023";"211903";"2022"
"13";"93";"2024";"Tentatives d'homicide";"Victime";"180";"0,0862210";"2087658";"2023";"1078388";"2022"
"18";"24";"2024";"Tentatives d'homicide";"Victime";"6";"0,0200897";"298660";"2023";"179778";"2022"
"2A";"94";"2024";"Tentatives d'homicide";"Victime";"15";"0,0891234";"168306";"2023";"126686";"2022"
"2B";"94";"2024";"Tentatives d'homicide";"Victime";"9";"0,0480821";"187180";"2023";"138794";"2022"
"59";"32";"2024";"Tentatives d'homicide";"Victime";"128";"0,0489365";"2615635";"2023";"1262771";"2022"
"70";"27";"2024";"Tentatives d'homicide";"Victime";"9";"0,0385960";"233185";"2023";"129885";"2022"
"75";"11";"2024";"Tentatives d'homicide";"Victime";"187";"0,0888877";"2103778";"2023";"1399122";"2022"
"90";"27";"2024";"Tentatives d'homicide";"Victime";"4";"0,0285195";"140255";"2023";"73832";"2022"
"971";"01";"2024";"Tentatives d'homicide";"Victime";"205";"0,5336318";"384160";"2023";"237578";"2022"
"973";"03";"2024";"Tentatives d'homicide";"Victime";"261";"0,8877672";"293996";"2023";"100424";"2022"
"976";"06";"2024";"Tentatives d'homicide";"Victime";"56";"0,2183083";"256518";"2017";"73880";"2017"
"01";"84";"2025";"Tentatives d'homicide";"Victime";"36";"0,0529923";"679344";"2023";"334271";"2022"
"05";"93";"2025";"Tentatives d'homicide";"Victime";"0";"0,0000000";"143467";"2023";"140963";"2022"
"07";"84";"2025";"Tentatives d'homicide";"Victime";"12";"0,0359033";"334231";"2023";"211903";"2022"
"13";"93";"2025";"Tentatives d'homicide";"Victime";"179";"0,0857420";"2087658";"2023";"1078388";"2022"
"18";"24";"2025";"Tentatives d'homicide";"Victime";"10";"0,0334829";"298660";"2023";"179778";"2022"
"2A";"94";"2025";"Tentatives d'homicide";"Victime";"13";"0,0772403";"168306";"2023";"126686";"2022"
"2B";"94";"2025";"Tentatives d'homicide";"Victime";"5";"0,0267123";"187180";"2023";"138794";"2022"
"59";"32";"2025";"Tentatives d'homicide";"Victime";"139";"0,0531420";"2615635";"2023";"1262771";"2022"
"70";"27";"2025";"Tentatives d'homicide";"Victime";"9";"0,0385960";"233185";"2023";"129885";"2022"
"75";"11";"2025";"Tentatives d'homicide";"Victime";"204";"0,0969684";"2103778";"2023";"1399122";"2022"
"90";"27";"2025";"Tentatives d'homicide";"Victime";"2";"0,0142597";"140255";"2023";"73832";"2022"
"971";"01";"2025";"Tentatives d'homicide";"Victime";"259";"0,6741983";"384160";"2023";"237578";"2022"
"973";"03";"2025";"Tentatives d'homicide";"Victime";"211";"0,7176968";"293996";"2023";"100424";"2022"
"976";"06";"2025";"Tentatives d'homicide";"Victime";"54";"0,2105115";"256518";"2017";"73880";"2017"
"01";"84";"2024";"Violences physiques intrafamiliales";"Victime";"2099";"3,0897454";"679344";"2023";"334271";"2022"
"05";"93";"2024";"Violences physiques intrafamiliales";"Victime";"475";"3,3108659";"143467";"2023";"140963";"2022"
"07";"84";"2024";"Violences physiques intrafamiliales";"Victime";"936";"2,8004584";"334231";"2023";"211903";"2022"
"13";"93";"2024";"Violences physiques intrafamiliales";"Victime";"7499";"3,5920635";"2087658";"2023";"1078388";"2022"
"18";"24";"2024";"Violences physiques intrafamiliales";"Victime";"863";"2,8895734";"298660";"2023";"179778";"2022"
"2A";"94";"2024";"Violences physiques intrafamiliales";"Victime";"414";"2,4598054";"168306";"2023";"126686";"2022"
"2B";"94";"2024";"Violences physiques intrafamiliales";"Victime";"530";"2,8314991";"187180";"2023";"138794";"2022"
"59";"32";"2024";"Violences physiques intrafamiliales";"Victime";"12363";"4,7265769";"2615635";"2023";"1262771";"2022"
"70";"27";"2024";"Violences physiques intrafamiliales";"Victime";"741";"3,1777344";"233185";"2023";"129885";"2022"
"75";"11";"2024";"Violences physiques intrafamiliales";"Victime";"6110";"2,9042988";"2103778";"2023";"1399122";"2022"
"90";"27";"2024";"Violences physiques intrafamiliales";"Victime";"566";"4,0355068";"140255";"2023";"73832";"2022"
"971";"01";"2024";"Violences physiques intrafamiliales";"Victime";"2183";"5,6825281";"384160";"2023";"237578";"2022"
"973";"03";"2024";"Violences physiques intrafamiliales";"Victime";"1775";"6,0374971";"293996";"2023";"100424";"2022"
"976";"06";"2024";"Violences physiques intrafamiliales";"Victime";"644";"2,5105451";"256518";"2017";"73880";"2017"
"01";"84";"2025";"Violences physiques intrafamiliales";"Victime";"2268";"3,3385148";"679344";"2023";"334271";"2022"
"05";"93";"2025";"Violences physiques intrafamiliales";"Victime";"479";"3,3387469";"143467";"2023";"140963";"2022"
"07";"84";"2025";"Violences physiques intrafamiliales";"Victime";"1087";"3,2522417";"334231";"2023";"211903";"2022"
"13";"93";"2025";"Violences physiques intrafamiliales";"Victime";"7655";"3,6667883";"2087658";"2023";"1078388";"2022"
"18";"24";"2025";"Violences physiques intrafamiliales";"Victime";"994";"3,3281993";"298660";"2023";"179778";"2022"
"2A";"94";"2025";"Violences physiques intrafamiliales";"Victime";"394";"2,3409742";"168306";"2023";"126686";"2022"
"2B";"94";"2025";"Violences physiques intrafamiliales";"Victime";"588";"3,1413613";"187180";"2023";"138794";"2022"
"59";"32";"2025";"Violences physiques intrafamiliales";"Victime";"12707";"4,8580937";"2615635";"2023";"1262771";"2022"
"70";"27";"2025";"Violences physiques intrafamiliales";"Victime";"861";"3,6923473";"233185";"2023";"129885";"2022"
"75";"11";"2025";"Violences physiques intrafamiliales";"Victime";"6259";"2,9751238";"2103778";"2023";"1399122";"2022"
"90";"27";"2025";"Violences physiques intrafamiliales";"Victime";"582";"4,1495847";"140255";"2023";"73832";"2022"
"971";"01";"2025";"Violences physiques intrafamiliales";"Victime";"2254";"5,8673469";"384160";"2023";"237578";"2022"
"973";"03";"2025";"Violences physiques intrafamiliales";"Victime";"1801";"6,1259337";"293996";"2023";"100424";"2022"
"976";"06";"2025";"Violences physiques intrafamiliales";"Victime";"671";"2,6158008";"256518";"2017";"73880";"2017"
"01";"84";"2024";"Violences physiques hors cadre familial";"Victime";"1369";"2,0151793";"679344";"2023";"334271";"2022"
"05";"93";"2024";"Violences physiques hors cadre familial";"Victime";"405";"2,8229488";"143467";"2023";"140963";"2022"
"07";"84";"2024";"Violences physiques hors cadre familial";"Victime";"866";"2,5910224";"334231";"2023";"211903";"2022"
"13";"93";"2024";"Violences physiques hors cadre familial";"Victime";"7818";"3,7448663";"2087658";"2023";"1078388";"2022"
"18";"24";"2024";"Violences physiques hors cadre familial";"Victime";"671";"2,2467019";"298660";"2023";"179778";"2022"
"2A";"94";"2024";"Violences physiques hors cadre familial";"Victime";"395";"2,3469157";"168306";"2023";"126686";"2022"
"2B";"94";"2024";"Violences physiques hors cadre familial";"Victime";"415";"2,2171172";"187180";"2023";"138794";"2022"
"59";"32";"2024";"Violences physiques hors cadre familial";"Victime";"9603";"3,6713838";"2615635";"2023";"1262771";"2022"
"70";"27";"2024";"Violences physiques hors cadre familial";"Victime";"613";"2,6288140";"233185";"2023";"129885";"2022"
"75";"11";"2024";"Violences physiques hors cadre familial";"Victime";"9861";"4,6872816";"2103778";"2023";"1399122";"2022"
"90";"27";"2024";"Violences physiques hors cadre familial";"Victime";"440";"3,1371431";"140255";"2023";"73832";"2022"
"971";"01";"2024";"Violences physiques hors cadre familial";"Victime";"2360";"6,1432736";"384160";"2023";"237578";"2022"
"973";"03";"2024";"Violences physiques hors cadre familial";"Victime";"2021";"6,8742432";"293996";"2023";"100424";"2022"
"976";"06";"2024";"Violences physiques hors cadre familial";"Victime";"2070";"8,0696092";"256518";"2017";"73880";"2017"
"01";"84";"2025";"Violences physiques hors cadre familial";"Victime";"1466";"2,1579642";"679344";"2023";"334271";"2022"
"05";"93";"2025";"Violences physiques hors cadre familial";"Victime";"447";"3,1156991";"143467";"2023";"140963";"2022"
"07";"84";"2025";"Violences physiques hors cadre familial";"Victime";"872";"2,6089740";"334231";"2023";"211903";"2022"
"13";"93";"2025";"Violences physiques hors cadre familial";"Victime";"8095";"3,8775508";"2087658";"2023";"1078388";"2022"
"18";"24";"2025";"Violences physiques hors cadre familial";"Victime";"686";"2,2969263";"298660";"2023";"179778";"2022"
"2A";"94";"2025";"Violences physiques hors cadre familial";"Victime";"394";"2,3409742";"168306";"2023";"126686";"2022"
"2B";"94";"2025";"Violences physiques hors cadre familial";"Victime";"401";"2,1423229";"187180";"2023";"138794";"2022"
"59";"32";"2025";"Violences physiques hors cadre familial";"Victime";"10324";"3,9470339";"2615635";"2023";"1262771";"2022"
"70";"27";"2025";"Violences physiques hors cadre familial";"Victime";"651";"2,7917748";"233185";"2023";"129885";"2022"
"75";"11";"2025";"Violences physiques hors cadre familial";"Victime";"11095";"5,2738454";"2103778";"2023";"1399122";"2022"
"90";"27";"2025";"Violences physiques hors cadre familial";"Victime";"467";"3,3296496";"140255";"2023";"73832";"2022"
"971";"01";"2025";"Violences physiques hors cadre familial";"Victime";"2595";"6,7549979";"384160";"2023";"237578";"2022"
"973";"03";"2025";"Violences physiques hors cadre familial";"Victime";"2116";"7,1973768";"293996";"2023";"100424";"2022"
"976";"06";"2025";"Violences physiques hors cadre familial";"Victime";"2143";"8,3541896";"256518";"2017";"73880";"2017"
"01";"84";"2024";"Violences sexuelles";"Victime";"1067";"1,5706328";"679344";"2023";"334271";"2022"
"05";"93";"2024";"Violences sexuelles";"Victime";"324";"2,2583591";"143467";"2023";"140963";"2022"
"07";"84";"2024";"Violences sexuelles";"Victime";"544";"1,6276168";"334231";"2023";"211903";"2022"
"13";"93";"2024";"Violences sexuelles";"Victime";"3065";"1,4681524";"2087658";"2023";"1078388";"2022"
"18";"24";"2024";"Violences sexuelles";"Victime";"466";"1,5603027";"298660";"2023";"179778";"2022"
"2A";"94";"2024";"Violences sexuelles";"Victime";"153";"0,9090585";"168306";"2023";"126686";"2022"
"2B";"94";"2024";"Violences sexuelles";"Victime";"231";"1,2341062";"187180";"2023";"138794";"2022"
"59";"32";"2024";"Violences sexuelles";"Victime";"5509";"2,1061807";"2615635";"2023";"1262771";"2022"
"70";"27";"2024";"Violences sexuelles";"Victime";"437";"1,8740485";"233185";"2023";"129885";"2022"
"75";"11";"2024";"Violences sexuelles";"Victime";"5910";"2,8092318";"2103778";"2023";"1399122";"2022"
"90";"27";"2024";"Violences sexuelles";"Victime";"301";"2,1460910";"140255";"2023";"73832";"2022"
"971";"01";"2024";"Violences sexuelles";"Victime";"823";"2,1423365";"384160";"2023";"237578";"2022"
"973";"03";"2024";"Violences sexuelles";"Victime";"735";"2,5000340";"293996";"2023";"100424";"2022"
"976";"06";"2024";"Violences sexuelles";"Victime";"494";"1,9257908";"256518";"2017";"73880";"2017"
"01";"84";"2025";"Violences sexuelles";"Victime";"1015";"1,4940884";"679344";"2023";"334271";"2022"
"05";"93";"2025";"Violences sexuelles";"Victime";"364";"2,5371688";"143467";"2023";"140963";"2022"
"07";"84";"2025";"Violences sexuelles";"Victime";"571";"1,7083993";"334231";"2023";"211903";"2022"
"13";"93";"2025";"Violences sexuelles";"Victime";"3396";"1,6267032";"2087658";"2023";"1078388";"2022"
"18";"24";"2025";"Violences sexuelles";"Victime";"580";"1,9420076";"298660";"2023";"179778";"2022"
"2A";"94";"2025";"Violences sexuelles";"Victime";"197";"1,1704871";"168306";"2023";"126686";"2022"
"2B";"94";"2025";"Violences sexuelles";"Victime";"233";"1,2447911";"187180";"2023";"138794";"2022"
"59";"32";"2025";"Violences sexuelles";"Victime";"5969";"2,2820462";"2615635";"2023";"1262771";"2022"
"70";"27";"2025";"Violences sexuelles";"Victime";"531";"2,2771619";"233185";"2023";"129885";"2022"
"75";"11";"2025";"Violences sexuelles";"Victime";"6320";"3,0041193";"2103778";"2023";"1399122";"2022"
"90";"27";"2025";"Violences sexuelles";"Victime";"250";"1,7824676";"140255";"2023";"73832";"2022"
"971";"01";"2025";"Violences sexuelles";"Victime";"861";"2,2412536";"384160";"2023";"237578";"2022"
"973";"03";"2025";"Violences sexuelles";"Victime";"713";"2,4252031";"293996";"2023";"100424";"2022"
"976";"06";"2025";"Violences sexuelles";"Victime";"561";"2,1869810";"256518";"2017";"73880";"2017"
"01";"84";"2024";"Vols avec armes";"Infraction";"34";"0,0500483";"679344";"2023";"334271";"2022"
"05";"93";"2024";"Vols avec armes";"Infraction";"9";"0,0627322";"143467";"2023";"140963";"2022"
"07";"84";"2024";"Vols avec armes";"Infraction";"9";"0,0269275";"334231";"2023";"211903";"2022"
"13";"93";"2024";"Vols avec armes";"Infraction";"572";"0,2739912";"2087658";"2023";"1078388";"2022"
"18";"24";"2024";"Vols avec armes";"Infraction";"12";"0,0401795";"298660";"2023";"179778";"2022"
"2A";"94";"2024";"Vols avec armes";"Infraction";"5";"0,0297078";"168306";"2023";"126686";"2022"
"2B";"94";"2024";"Vols avec armes";"Infraction";"6";"0,0320547";"187180";"2023";"138794";"2022"
"59";"32";"2024";"Vols avec armes";"Infraction";"292";"0,1116364";"2615635";"2023";"1262771";"2022"
"70";"27";"2024";"Vols avec armes";"Infraction";"9";"0,0385960";"233185";"2023";"129885";"2022"
"75";"11";"2024";"Vols avec armes";"Infraction";"368";"0,1749234";"2103778";"2023";"1399122";"2022"
"90";"27";"2024";"Vols avec armes";"Infraction";"6";"0,0427792";"140255";"2023";"73832";"2022"
"971";"01";"2024";"Vols avec armes";"Infraction";"531";"1,3822366";"384160";"2023";"237578";"2022"
"973";"03";"2024";"Vols avec armes";"Infraction";"844";"2,8707874";"293996";"2023";"100424";"2022"
"976";"06";"2024";"Vols avec armes";"Infraction";"618";"2,4091877";"256518";"2017";"73880";"2017"
"01";"84";"2025";"Vols avec armes";"Infraction";"39";"0,0574083";"679344";"2023";"334271";"2022"
"05";"93";"2025";"Vols avec armes";"Infraction";"6";"0,0418215";"143467";"2023";"140963";"2022"
"07";"84";"2025";"Vols avec armes";"Infraction";"16";"0,0478711";"334231";"2023";"211903";"2022"
"13";"93";"2025";"Vols avec armes";"Infraction";"505";"0,2418979";"2087658";"2023";"1078388";"2022"
"18";"24";"2025";"Vols avec armes";"Infraction";"19";"0,0636175";"298660";"2023";"179778";"2022"
"2A";"94";"2025";"Vols avec armes";"Infraction";"3";"0,0178247";"168306";"2023";"126686";"2022"
"2B";"94";"2025";"Vols avec armes";"Infraction";"4";"0,0213698";"187180";"2023";"138794";"2022"
"59";"32";"2025";"Vols avec armes";"Infraction";"268";"0,1024608";"2615635";"2023";"1262771";"2022"
"70";"27";"2025";"Vols avec armes";"Infraction";"0";"0,0000000";"233185";"2023";"129885";"2022"
"75";"11";"2025";"Vols avec armes";"Infraction";"393";"0,1868068";"2103778";"2023";"1399122";"2022"
"90";"27";"2025";"Vols avec armes";"Infraction";"7";"0,0499091";"140255";"2023";"73832";"2022"
"971";"01";"2025";"Vols avec armes";"Infraction";"572";"1,4889629";"384160";"2023";"237578";"2022"
"973";"03";"2025";"Vols avec armes";"Infraction";"597";"2,0306399";"293996";"2023";"100424";"2022"
"976";"06";"2025";"Vols avec armes";"Infraction";"449";"1,7503645";"256518";"2017";"73880";"2017"
"01";"84";"2024";"Vols violents sans arme";"Infraction";"137";"0,2016651";"679344";"2023";"334271";"2022"
"05";"93";"2024";"Vols violents sans arme";"Infraction";"38";"0,2648693";"143467";"2023";"140963";"2022"
"07";"84";"2024";"Vols violents sans arme";"Infraction";"55";"0,1645568";"334231";"2023";"211903";"2022"
"13";"93";"2024";"Vols violents sans arme";"Infraction";"3183";"1,5246750";"2087658";"2023";"1078388";"2022"
"18";"24";"2024";"Vols violents sans arme";"Infraction";"99";"0,3314806";"298660";"2023";"179778";"2022"
"2A";"94";"2024";"Vols violents sans arme";"Infraction";"28";"0,1663636";"168306";"2023";"126686";"2022"
"2B";"94";"2024";"Vols violents sans arme";"Infraction";"35";"0,1869858";"187180";"2023";"138794";"2022"
"59";"32";"2024";"Vols violents sans arme";"Infraction";"2081";"0,7956003";"2615635";"2023";"1262771";"2022"
"70";"27";"2024";"Vols violents sans arme";"Infraction";"30";"0,1286532";"233185";"2023";"129885";"2022"
"75";"11";"2024";"Vols violents sans arme";"Infraction";"7432";"3,5326921";"2103778";"2023";"1399122";"2022"
"90";"27";"2024";"Vols violents sans arme";"Infraction";"44";"0,3137143";"140255";"2023";"73832";"2022"
"971";"01";"2024";"Vols violents sans arme";"Infraction";"548";"1,4264890";"384160";"2023";"237578";"2022"
"973";"03";"2024";"Vols violents sans arme";"Infraction";"443";"1,5068232";"293996";"2023";"100424";"2022"
"976";"06";"2024";"Vols violents sans arme";"Infraction";"491";"1,9140957";"256518";"2017";"73880";"2017"
"01";"84";"2025";"Vols violents sans arme";"Infraction";"127";"0,1869451";"679344";"2023";"334271";"2022"
"05";"93";"2025";"Vols violents sans arme";"Infraction";"31";"0,2160776";"143467";"2023";"140963";"2022"
"07";"84";"2025";"Vols violents sans arme";"Infraction";"59";"0,1765246";"334231";"2023";"211903";"2022"
"13";"93";"2025";"Vols violents sans arme";"Infraction";"3149";"1,5083888";"2087658";"2023";"1078388";"2022"
"18";"24";"2025";"Vols violents sans arme";"Infraction";"104";"0,3482221";"298660";"2023";"179778";"2022"
"2A";"94";"2025";"Vols violents sans arme";"Infraction";"20";"0,1188312";"168306";"2023";"126686";"2022"
"2B";"94";"2025";"Vols violents sans arme";"Infraction";"27";"0,1442462";"187180";"2023";"138794";"2022"
"59";"32";"2025";"Vols violents sans arme";"Infraction";"2139";"0,8177747";"2615635";"2023";"1262771";"2022"
"70";"27";"2025";"Vols violents sans arme";"Infraction";"34";"0,1458070";"233185";"2023";"129885";"2022"
"75";"11";"2025";"Vols violents sans arme";"Infraction";"7268";"3,4547371";"2103778";"2023";"1399122";"2022"
"90";"27";"2025";"Vols violents sans arme";"Infraction";"41";"0,2923247";"140255";"2023";"73832";"2022"
"971";"01";"2025";"Vols violents sans arme";"Infraction";"572";"1,4889629";"384160";"2023";"237578";"2022"
"973";"03";"2025";"Vols violents sans arme";"Infraction";"448";"1,5238303";"293996";"2023";"100424";"2022"
"976";"06";"2025";"Vols violents sans arme";"Infraction";"391";"1,5242595";"256518";"2017";"73880";"2017"
"01";"84";"2024";"Vols sans violence contre des personnes";"Victime entendue";"3104";"4,5691137";"679344";"2023";"334271";"2022"
"05";"93";"2024";"Vols sans violence contre des personnes";"Victime entendue";"1034";"7,2072323";"143467";"2023";"140963";"2022"
"07";"84";"2024";"Vols sans violence contre des personnes";"Victime entendue";"1519";"4,5447610";"334231";"2023";"211903";"2022"
"13";"93";"2024";"Vols sans violence contre des personnes";"Victime entendue";"25497";"12,2132073";"2087658";"2023";"1078388";"2022"
"18";"24";"2024";"Vols sans violence contre des personnes";"Victime entendue";"1353";"4,5302350";"298660";"2023";"179778";"2022"
"2A";"94";"2024";"Vols sans violence contre des personnes";"Victime entendue";"777";"4,6165912";"168306";"2023";"126686";"2022"
"2B";"94";"2024";"Vols sans violence contre des personnes";"Victime entendue";"808";"4,3167005";"187180";"2023";"138794";"2022"
"59";"32";"2024";"Vols sans violence contre des personnes";"Victime entendue";"20379";"7,7912247";"2615635";"2023";"1262771";"2022"
"70";"27";"2024";"Vols sans violence contre des personnes";"Victime entendue";"1070";"4,5886313";"233185";"2023";"129885";"2022"
"75";"11";"2024";"Vols sans violence contre des personnes";"Victime entendue";"99110";"47,1104841";"2103778";"2023";"1399122";"2022"
"90";"27";"2024";"Vols sans violence contre des personnes";"Victime entendue";"906";"6,4596628";"140255";"2023";"73832";"2022"
"971";"01";"2024";"Vols sans violence contre des personnes";"Victime entendue";"3032";"7,8925448";"384160";"2023";"237578";"2022"
"973";"03";"2024";"Vols sans violence contre des personnes";"Victime entendue";"1920";"6,5307011";"293996";"2023";"100424";"2022"
"976";"06";"2024";"Vols sans violence contre des personnes";"Victime entendue";"1302";"5,0756672";"256518";"2017";"73880";"2017"
"01";"84";"2025";"Vols sans violence contre des personnes";"Victime entendue";"3242";"4,7722509";"679344";"2023";"334271";"2022"
"05";"93";"2025";"Vols sans violence contre des personnes";"Victime entendue";"1030";"7,1793513";"143467";"2023";"140963";"2022"
"07";"84";"2025";"Vols sans violence contre des personnes";"Victime entendue";"1565";"4,6823903";"334231";"2023";"211903";"2022"
"13";"93";"2025";"Vols sans violence contre des personnes";"Victime entendue";"27009";"12,9374639";"2087658";"2023";"1078388";"2022"
"18";"24";"2025";"Vols sans violence contre des personnes";"Victime entendue";"1555";"5,2065894";"298660";"2023";"179778";"2022"
"2A";"94";"2025";"Vols sans violence contre des personnes";"Victime entendue";"826";"4,9077276";"168306";"2023";"126686";"2022"
"2B";"94";"2025";"Vols sans violence contre des personnes";"Victime entendue";"816";"4,3594401";"187180";"2023";"138794";"2022"
"59";"32";"2025";"Vols sans violence contre des personnes";"Victime entendue";"21614";"8,2633854";"2615635";"2023";"1262771";"2022"
"70";"27";"2025";"Vols sans violence contre des personnes";"Victime entendue";"1066";"4,5714776";"233185";"2023";"129885";"2022"
"75";"11";"2025";"Vols sans violence contre des personnes";"Victime entendue";"94924";"45,1207304";"2103778";"2023";"1399122";"2022"
"90";"27";"2025";"Vols sans violence contre des personnes";"Victime entendue";"816";"5,8179744";"140255";"2023";"73832";"2022"
"971";"01";"2025";"Vols sans violence contre des personnes";"Victime entendue";"2940";"7,6530612";"384160";"2023";"237578";"2022"
"973";"03";"2025";"Vols sans violence contre des personnes";"Victime entendue";"1718";"5,8436169";"293996";"2023";"100424";"2022"
"976";"06";"2025";"Vols sans violence contre des personnes";"Victime entendue";"1282";"4,9977000";"256518";"2017";"73880";"2017"
"01";"84";"2024";"Cambriolages de logement";"Infraction";"2811";"8,4093565";"679344";"2023";"334271";"2022"
"05";"93";"2024";"Cambriolages de logement";"Infraction";"336";"2,3836039";"143467";"2023";"140963";"2022"
"07";"84";"2024";"Cambriolages de logement";"Infraction";"732";"3,4544120";"334231";"2023";"211903";"2022"
"13";"93";"2024";"Cambriolages de logement";"Infraction";"9986";"9,2601198";"2087658";"2023";"1078388";"2022"
"18";"24";"2024";"Cambriolages de logement";"Infraction";"1431";"7,9598211";"298660";"2023";"179778";"2022"
"2A";"94";"2024";"Cambriolages de logement";"Infraction";"122";"0,9630103";"168306";"2023";"126686";"2022"
"2B";"94";"2024";"Cambriolages de logement";"Infraction";"119";"0,8573857";"187180";"2023";"138794";"2022"
"59";"32";"2024";"Cambriolages de logement";"Infraction";"8721";"6,9062385";"2615635";"2023";"1262771";"2022"
"70";"27";"2024";"Cambriolages de logement";"Infraction";"401";"3,0873445";"233185";"2023";"129885";"2022"
"75";"11";"2024";"Cambriolages de logement";"Infraction";"9235";"6,6005669";"2103778";"2023";"1399122";"2022"
"90";"27";"2024";"Cambriolages de logement";"Infraction";"192";"2,6004975";"140255";"2023";"73832";"2022"
"971";"01";"2024";"Cambriolages de logement";"Infraction";"1146";"4,8236729";"384160";"2023";"237578";"2022"
"973";"03";"2024";"Cambriolages de logement";"Infraction";"1039";"10,3461374";"293996";"2023";"100424";"2022"
"976";"06";"2024";"Cambriolages de logement";"Infraction";"442";"5,9826746";"256518";"2017";"73880";"2017"
"01";"84";"2025";"Cambriolages de logement";"Infraction";"2899";"8,6726164";"679344";"2023";"334271";"2022"
"05";"93";"2025";"Cambriolages de logement";"Infraction";"318";"2,2559108";"143467";"2023";"140963";"2022"
"07";"84";"2025";"Cambriolages de logement";"Infraction";"842";"3,9735176";"334231";"2023";"211903";"2022"
"13";"93";"2025";"Cambriolages de logement";"Infraction";"8586";"7,9618855";"2087658";"2023";"1078388";"2022"
"18";"24";"2025";"Cambriolages de logement";"Infraction";"1668";"9,2781143";"298660";"2023";"179778";"2022"
"2A";"94";"2025";"Cambriolages de logement";"Infraction";"116";"0,9156491";"168306";"2023";"126686";"2022"
"2B";"94";"2025";"Cambriolages de logement";"Infraction";"115";"0,8285661";"187180";"2023";"138794";"2022"
"59";"32";"2025";"Cambriolages de logement";"Infraction";"8501";"6,7320185";"2615635";"2023";"1262771";"2022"
"70";"27";"2025";"Cambriolages de logement";"Infraction";"451";"3,4723001";"233185";"2023";"129885";"2022"
"75";"11";"2025";"Cambriolages de logement";"Infraction";"7072";"5,0545976";"2103778";"2023";"1399122";"2022"
"90";"27";"2025";"Cambriolages de logement";"Infraction";"234";"3,1693563";"140255";"2023";"73832";"2022"
"971";"01";"2025";"Cambriolages de logement";"Infraction";"1167";"4,9120649";"384160";"2023";"237578";"2022"
"973";"03";"2025";"Cambriolages de logement";"Infraction";"984";"9,7984592";"293996";"2023";"100424";"2022"
"976";"06";"2025";"Cambriolages de logement";"Infraction";"560";"7,5798592";"256518";"2017";"73880";"2017"
"01";"84";"2024";"Vols de véhicule";"Véhicule";"1203";"1,7708260";"679344";"2023";"334271";"2022"
"05";"93";"2024";"Vols de véhicule";"Véhicule";"167";"1,1640308";"143467";"2023";"140963";"2022"
"07";"84";"2024";"Vols de véhicule";"Véhicule";"436";"1,3044870";"334231";"2023";"211903";"2022"
"13";"93";"2024";"Vols de véhicule";"Véhicule";"10189";"4,8805887";"2087658";"2023";"1078388";"2022"
"18";"24";"2024";"Vols de véhicule";"Véhicule";"444";"1,4866403";"298660";"2023";"179778";"2022"
"2A";"94";"2024";"Vols de véhicule";"Véhicule";"326";"1,9369482";"168306";"2023";"126686";"2022"
"2B";"94";"2024";"Vols de véhicule";"Véhicule";"273";"1,4584892";"187180";"2023";"138794";"2022"
"59";"32";"2024";"Vols de véhicule";"Véhicule";"7905";"3,0222107";"2615635";"2023";"1262771";"2022"
"70";"27";"2024";"Vols de véhicule";"Véhicule";"248";"1,0635332";"233185";"2023";"129885";"2022"
"75";"11";"2024";"Vols de véhicule";"Véhicule";"3937";"1,8713952";"2103778";"2023";"1399122";"2022"
"90";"27";"2024";"Vols de véhicule";"Véhicule";"74";"0,5276104";"140255";"2023";"73832";"2022"
"971";"01";"2024";"Vols de véhicule";"Véhicule";"1014";"2,6395252";"384160";"2023";"237578";"2022"
"973";"03";"2024";"Vols de véhicule";"Véhicule";"698";"2,3741820";"293996";"2023";"100424";"2022"
"976";"06";"2024";"Vols de véhicule";"Véhicule";"355";"1,3839185";"256518";"2017";"73880";"2017"
"01";"84";"2025";"Vols de véhicule";"Véhicule";"1257";"1,8503144";"679344";"2023";"334271";"2022"
"05";"93";"2025";"Vols de véhicule";"Véhicule";"109";"0,7597566";"143467";"2023";"140963";"2022"
"07";"84";"2025";"Vols de véhicule";"Véhicule";"421";"1,2596079";"334231";"2023";"211903";"2022"
"13";"93";"2025";"Vols de véhicule";"Véhicule";"9155";"4,3852968";"2087658";"2023";"1078388";"2022"
"18";"24";"2025";"Vols de véhicule";"Véhicule";"500";"1,6741445";"298660";"2023";"179778";"2022"
"2A";"94";"2025";"Vols de véhicule";"Véhicule";"261";"1,5507469";"168306";"2023";"126686";"2022"
"2B";"94";"2025";"Vols de véhicule";"Véhicule";"283";"1,5119137";"187180";"2023";"138794";"2022"
"59";"32";"2025";"Vols de véhicule";"Véhicule";"6960";"2,6609217";"2615635";"2023";"1262771";"2022"
"70";"27";"2025";"Vols de véhicule";"Véhicule";"216";"0,9263031";"233185";"2023";"129885";"2022"
"75";"11";"2025";"Vols de véhicule";"Véhicule";"3648";"1,7340233";"2103778";"2023";"1399122";"2022"
"90";"27";"2025";"Vols de véhicule";"Véhicule";"78";"0,5561299";"140255";"2023";"73832";"2022"
"971";"01";"2025";"Vols de véhicule";"Véhicule";"861";"2,2412536";"384160";"2023";"237578";"2022"
"973";"03";"2025";"Vols de véhicule";"Véhicule";"707";"2,4047946";"293996";"2023";"100424";"2022"
"976";"06";"2025";"Vols de véhicule";"Véhicule";"413";"1,6100235";"256518";"2017";"73880";"2017"
"01";"84";"2024";"Vols dans les véhicules";"Véhicule";"1729";"2,5451023";"679344";"2023";"334271";"2022"
"05";"93";"2024";"Vols dans les véhicules";"Véhicule";"247";"1,7216503";"143467";"2023";"140963";"2022"
"07";"84";"2024";"Vols dans les véhicules";"Véhicule";"427";"1,2775595";"334231";"2023";"211903";"2022"
"13";"93";"2024";"Vols dans les véhicules";"Véhicule";"17824";"8,5377969";"2087658";"2023";"1078388";"2022"
"18";"24";"2024";"Vols dans les véhicules";"Véhicule";"590";"1,9754905";"298660";"2023";"179778";"2022"
"2A";"94";"2024";"Vols dans les véhicules";"Véhicule";"159";"0,9447079";"168306";"2023";"126686";"2022"
"2B";"94";"2024";"Vols dans les véhicules";"Véhicule";"161";"0,8601346";"187180";"2023";"138794";"2022"
"59";"32";"2024";"Vols dans les véhicules";"Véhicule";"14088";"5,3860726";"2615635";"2023";"1262771";"2022"
"70";"27";"2024";"Vols dans les véhicules";"Véhicule";"435";"1,8654716";"233185";"2023";"129885";"2022"
"75";"11";"2024";"Vols dans les véhicules";"Véhicule";"14832";"7,0501735";"2103778";"2023";"1399122";"2022"
"90";"27";"2024";"Vols dans les véhicules";"Véhicule";"157";"1,1193897";"140255";"2023";"73832";"2022"
"971";"01";"2024";"Vols dans les véhicules";"Véhicule";"2004";"5,2165764";"384160";"2023";"237578";"2022"
"973";"03";"2024";"Vols dans les véhicules";"Véhicule";"1249";"4,2483571";"293996";"2023";"100424";"2022"
"976";"06";"2024";"Vols dans les véhicules";"Véhicule";"430";"1,6762956";"256518";"2017";"73880";"2017"
"01";"84";"2025";"Vols dans les véhicules";"Véhicule";"1468";"2,1609082";"679344";"2023";"334271";"2022"
"05";"93";"2025";"Vols dans les véhicules";"Véhicule";"220";"1,5334537";"143467";"2023";"140963";"2022"
"07";"84";"2025";"Vols dans les véhicules";"Véhicule";"410";"1,2266965";"334231";"2023";"211903";"2022"
"13";"93";"2025";"Vols dans les véhicules";"Véhicule";"14568";"6,9781545";"2087658";"2023";"1078388";"2022"
"18";"24";"2025";"Vols dans les véhicules";"Véhicule";"566";"1,8951316";"298660";"2023";"179778";"2022"
"2A";"94";"2025";"Vols dans les véhicules";"Véhicule";"106";"0,6298052";"168306";"2023";"126686";"2022"
"2B";"94";"2025";"Vols dans les véhicules";"Véhicule";"180";"0,9616412";"187180";"2023";"138794";"2022"
"59";"32";"2025";"Vols dans les véhicules";"Véhicule";"12570";"4,8057164";"2615635";"2023";"1262771";"2022"
"70";"27";"2025";"Vols dans les véhicules";"Véhicule";"366";"1,5695692";"233185";"2023";"129885";"2022"
"75";"11";"2025";"Vols dans les véhicules";"Véhicule";"13902";"6,6081117";"2103778";"2023";"1399122";"2022"
"90";"27";"2025";"Vols dans les véhicules";"Véhicule";"217";"1,5471819";"140255";"2023";"73832";"2022"
"971";"01";"2025";"Vols dans les véhicules";"Véhicule";"1583";"4,1206789";"384160";"2023";"237578";"2022"
"973";"03";"2025";"Vols dans les véhicules";"Véhicule";"1053";"3,5816814";"293996";"2023";"100424";"2022"
"976";"06";"2025";"Vols dans les véhicules";"Véhicule";"417";"1,6256169";"256518";"2017";"73880";"2017"
"01";"84";"2024";"Vols d'accessoires sur véhicules";"Véhicule";"806";"1,1864387";"679344";"2023";"334271";"2022"
"05";"93";"2024";"Vols d'accessoires sur véhicules";"Véhicule";"71";"0,4948873";"143467";"2023";"140963";"2022"
"07";"84";"2024";"Vols d'accessoires sur véhicules";"Véhicule";"164";"0,4906786";"334231";"2023";"211903";"2022"
"13";"93";"2024";"Vols d'accessoires sur véhicules";"Véhicule";"6817";"3,2653816";"2087658";"2023";"1078388";"2022"
"18";"24";"2024";"Vols d'accessoires sur véhicules";"Véhicule";"397";"1,3292707";"298660";"2023";"179778";"2022"
"2A";"94";"2024";"Vols d'accessoires sur véhicules";"Véhicule";"176";"1,0457144";"168306";"2023";"126686";"2022"
"2B";"94";"2024";"Vols d'accessoires sur véhicules";"Véhicule";"112";"0,5983545";"187180";"2023";"138794";"2022"
"59";"32";"2024";"Vols d'accessoires sur véhicules";"Véhicule";"3981";"1,5220013";"2615635";"2023";"1262771";"2022"
"70";"27";"2024";"Vols d'accessoires sur véhicules";"Véhicule";"178";"0,7633424";"233185";"2023";"129885";"2022"
"75";"11";"2024";"Vols d'accessoires sur véhicules";"Véhicule";"2298";"1,0923206";"2103778";"2023";"1399122";"2022"
"90";"27";"2024";"Vols d'accessoires sur véhicules";"Véhicule";"65";"0,4634416";"140255";"2023";"73832";"2022"
"971";"01";"2024";"Vols d'accessoires sur véhicules";"Véhicule";"533";"1,3874427";"384160";"2023";"237578";"2022"
"973";"03";"2024";"Vols d'accessoires sur véhicules";"Véhicule";"194";"0,6598729";"293996";"2023";"100424";"2022"
"976";"06";"2024";"Vols d'accessoires sur véhicules";"Véhicule";"67";"0,2611902";"256518";"2017";"73880";"2017"
"01";"84";"2025";"Vols d'accessoires sur véhicules";"Véhicule";"1010";"1,4867284";"679344";"2023";"334271";"2022"
"05";"93";"2025";"Vols d'accessoires sur véhicules";"Véhicule";"65";"0,4530659";"143467";"2023";"140963";"2022"
"07";"84";"2025";"Vols d'accessoires sur véhicules";"Véhicule";"181";"0,5415416";"334231";"2023";"211903";"2022"
"13";"93";"2025";"Vols d'accessoires sur véhicules";"Véhicule";"7363";"3,5269187";"2087658";"2023";"1078388";"2022"
"18";"24";"2025";"Vols d'accessoires sur véhicules";"Véhicule";"370";"1,2388669";"298660";"2023";"179778";"2022"
"2A";"94";"2025";"Vols d'accessoires sur véhicules";"Véhicule";"130";"0,7724026";"168306";"2023";"126686";"2022"
"2B";"94";"2025";"Vols d'accessoires sur véhicules";"Véhicule";"108";"0,5769847";"187180";"2023";"138794";"2022"
"59";"32";"2025";"Vols d'accessoires sur véhicules";"Véhicule";"4288";"1,6393725";"2615635";"2023";"1262771";"2022"
"70";"27";"2025";"Vols d'accessoires sur véhicules";"Véhicule";"161";"0,6904389";"233185";"2023";"129885";"2022"
"75";"11";"2025";"Vols d'accessoires sur véhicules";"Véhicule";"2065";"0,9815674";"2103778";"2023";"1399122";"2022"
"90";"27";"2025";"Vols d'accessoires sur véhicules";"Véhicule";"78";"0,5561299";"140255";"2023";"73832";"2022"
"971";"01";"2025";"Vols d'accessoires sur véhicules";"Véhicule";"569";"1,4811537";"384160";"2023";"237578";"2022"
"973";"03";"2025";"Vols d'accessoires sur véhicules";"Véhicule";"233";"0,7925278";"293996";"2023";"100424";"2022"
"976";"06";"2025";"Vols d'accessoires sur véhicules";"Véhicule";"73";"0,2845804";"256518";"2017";"73880";"2017"
"01";"84";"2024";"Destructions et dégradations volontaires";"Infraction";"4228";"6,2236511";"679344";"2023";"334271";"2022"
"05";"93";"2024";"Destructions et dégradations volontaires";"Infraction";"1126";"7,8484948";"143467";"2023";"140963";"2022"
"07";"84";"2024";"Destructions et dégradations volontaires";"Infraction";"2307";"6,9024118";"334231";"2023";"211903";"2022"
"13";"93";"2024";"Destructions et dégradations volontaires";"Infraction";"21162";"10,1367178";"2087658";"2023";"1078388";"2022"
"18";"24";"2024";"Destructions et dégradations volontaires";"Infraction";"2263";"7,5771781";"298660";"2023";"179778";"2022"
"2A";"94";"2024";"Destructions et dégradations volontaires";"Infraction";"1370";"8,1399356";"168306";"2023";"126686";"2022"
"2B";"94";"2024";"Destructions et dégradations volontaires";"Infraction";"1560";"8,3342237";"187180";"2023";"138794";"2022"
"59";"32";"2024";"Destructions et dégradations volontaires";"Infraction";"24133";"9,2264402";"2615635";"2023";"1262771";"2022"
"70";"27";"2024";"Destructions et dégradations volontaires";"Infraction";"1634";"7,0073118";"233185";"2023";"129885";"2022"
"75";"11";"2024";"Destructions et dégradations volontaires";"Infraction";"17858";"8,4885382";"2103778";"2023";"1399122";"2022"
"90";"27";"2024";"Destructions et dégradations volontaires";"Infraction";"1029";"7,3366368";"140255";"2023";"73832";"2022"
"971";"01";"2024";"Destructions et dégradations volontaires";"Infraction";"3034";"7,8977509";"384160";"2023";"237578";"2022"
"973";"03";"2024";"Destructions et dégradations volontaires";"Infraction";"1365";"4,6429203";"293996";"2023";"100424";"2022"
"976";"06";"2024";"Destructions et dégradations volontaires";"Infraction";"2248";"8,7635176";"256518";"2017";"73880";"2017"
"01";"84";"2025";"Destructions et dégradations volontaires";"Infraction";"4240";"6,2413152";"679344";"2023";"334271";"2022"
"05";"93";"2025";"Destructions et dégradations volontaires";"Infraction";"1249";"8,7058348";"143467";"2023";"140963";"2022"
"07";"84";"2025";"Destructions et dégradations volontaires";"Infraction";"2135";"6,3877977";"334231";"2023";"211903";"2022"
"13";"93";"2025";"Destructions et dégradations volontaires";"Infraction";"22209";"10,6382367";"2087658";"2023";"1078388";"2022"
"18";"24";"2025";"Destructions et dégradations volontaires";"Infraction";"2623";"8,7825621";"298660";"2023";"179778";"2022"
"2A";"94";"2025";"Destructions et dégradations volontaires";"Infraction";"1380";"8,1993512";"168306";"2023";"126686";"2022"
"2B";"94";"2025";"Destructions et dégradations volontaires";"Infraction";"1504";"8,0350465";"187180";"2023";"138794";"2022"
"59";"32";"2025";"Destructions et dégradations volontaires";"Infraction";"25396";"9,7093058";"2615635";"2023";"1262771";"2022"
"70";"27";"2025";"Destructions et dégradations volontaires";"Infraction";"1772";"7,5991166";"233185";"2023";"129885";"2022"
"75";"11";"2025";"Destructions et dégradations volontaires";"Infraction";"18877";"8,9729049";"2103778";"2023";"1399122";"2022"
"90";"27";"2025";"Destructions et dégradations volontaires";"Infraction";"1167";"8,3205590";"140255";"2023";"73832";"2022"
"971";"01";"2025";"Destructions et dégradations volontaires";"Infraction";"3211";"8,3584965";"384160";"2023";"237578";"2022"
"973";"03";"2025";"Destructions et dégradations volontaires";"Infraction";"1319";"4,4864556";"293996";"2023";"100424";"2022"
"976";"06";"2025";"Destructions et dégradations volontaires";"Infraction";"1917";"7,4731598";"256518";"2017";"73880";"2017"
"01";"84";"2024";"Usage de stupéfiants";"Mis en cause";"1560";"2,2963329";"679344";"2023";"334271";"2022"
"05";"93";"2024";"Usage de stupéfiants";"Mis en cause";"690";"4,8094684";"143467";"2023";"140963";"2022"
"07";"84";"2024";"Usage de stupéfiants";"Mis en cause";"1065";"3,1864190";"334231";"2023";"211903";"2022"
"13";"93";"2024";"Usage de stupéfiants";"Mis en cause";"23525";"11,2686082";"2087658";"2023";"1078388";"2022"
"18";"24";"2024";"Usage de stupéfiants";"Mis en cause";"777";"2,6016206";"298660";"2023";"179778";"2022"
"2A";"94";"2024";"Usage de stupéfiants";"Mis en cause";"379";"2,2518508";"168306";"2023";"126686";"2022"
"2B";"94";"2024";"Usage de stupéfiants";"Mis en cause";"361";"1,9286249";"187180";"2023";"138794";"2022"
"59";"32";"2024";"Usage de stupéfiants";"Mis en cause";"12065";"4,6126466";"2615635";"2023";"1262771";"2022"
"70";"27";"2024";"Usage de stupéfiants";"Mis en cause";"532";"2,2814504";"233185";"2023";"129885";"2022"
"75";"11";"2024";"Usage de stupéfiants";"Mis en cause";"30001";"14,2605351";"2103778";"2023";"1399122";"2022"
"90";"27";"2024";"Usage de stupéfiants";"Mis en cause";"466";"3,3225197";"140255";"2023";"73832";"2022"
"971";"01";"2024";"Usage de stupéfiants";"Mis en cause";"2125";"5,5315494";"384160";"2023";"237578";"2022"
"973";"03";"2024";"Usage de stupéfiants";"Mis en cause";"1129";"3,8401883";"293996";"2023";"100424";"2022"
"976";"06";"2024";"Usage de stupéfiants";"Mis en cause";"340";"1,3254430";"256518";"2017";"73880";"2017"
"01";"84";"2025";"Usage de stupéfiants";"Mis en cause";"2019";"2,9719847";"679344";"2023";"334271";"2022"
"05";"93";"2025";"Usage de stupéfiants";"Mis en cause";"854";"5,9525884";"143467";"2023";"140963";"2022"
"07";"84";"2025";"Usage de stupéfiants";"Mis en cause";"1089";"3,2582256";"334231";"2023";"211903";"2022"
"13";"93";"2025";"Usage de stupéfiants";"Mis en cause";"20111";"9,6332828";"2087658";"2023";"1078388";"2022"
"18";"24";"2025";"Usage de stupéfiants";"Mis en cause";"852";"2,8527422";"298660";"2023";"179778";"2022"
"2A";"94";"2025";"Usage de stupéfiants";"Mis en cause";"498";"2,9588963";"168306";"2023";"126686";"2022"
"2B";"94";"2025";"Usage de stupéfiants";"Mis en cause";"438";"2,3399936";"187180";"2023";"138794";"2022"
"59";"32";"2025";"Usage de stupéfiants";"Mis en cause";"13768";"5,2637314";"2615635";"2023";"1262771";"2022"
"70";"27";"2025";"Usage de stupéfiants";"Mis en cause";"516";"2,2128353";"233185";"2023";"129885";"2022"
"75";"11";"2025";"Usage de stupéfiants";"Mis en cause";"28485";"13,5399267";"2103778";"2023";"1399122";"2022"
"90";"27";"2025";"Usage de stupéfiants";"Mis en cause";"581";"4,1424548";"140255";"2023";"73832";"2022"
"971";"01";"2025";"Usage de stupéfiants";"Mis en cause";"2342";"6,0964182";"384160";"2023";"237578";"2022"
"973";"03";"2025";"Usage de stupéfiants";"Mis en cause";"995";"3,3843998";"293996";"2023";"100424";"2022"
"976";"06";"2025";"Usage de stupéfiants";"Mis en cause";"442";"1,7230760";"256518";"2017";"73880";"2017"
"01";"84";"2024";"Usage de stupéfiants (AFD)";"Mis en cause";"1114";"1,6398172";"679344";"2023";"334271";"2022"
"05";"93";"2024";"Usage de stupéfiants (AFD)";"Mis en cause";"352";"2,4535259";"143467";"2023";"140963";"2022"
"07";"84";"2024";"Usage de stupéfiants (AFD)";"Mis en cause";"601";"1,7981576";"334231";"2023";"211903";"2022"
"13";"93";"2024";"Usage de stupéfiants (AFD)";"Mis en cause";"20589";"9,8622476";"2087658";"2023";"1078388";"2022"
"18";"24";"2024";"Usage de stupéfiants (AFD)";"Mis en cause";"521";"1,7444586";"298660";"2023";"179778";"2022"
"2A";"94";"2024";"Usage de stupéfiants (AFD)";"Mis en cause";"195";"1,1586040";"168306";"2023";"126686";"2022"
"2B";"94";"2024";"Usage de stupéfiants (AFD)";"Mis en cause";"134";"0,7158884";"187180";"2023";"138794";"2022"
"59";"32";"2024";"Usage de stupéfiants (AFD)";"Mis en cause";"7688";"2,9392480";"2615635";"2023";"1262771";"2022"
"70";"27";"2024";"Usage de stupéfiants (AFD)";"Mis en cause";"254";"1,0892639";"233185";"2023";"129885";"2022"
"75";"11";"2024";"Usage de stupéfiants (AFD)";"Mis en cause";"23102";"10,9811967";"2103778";"2023";"1399122";"2022"
"90";"27";"2024";"Usage de stupéfiants (AFD)";"Mis en cause";"314";"2,2387794";"140255";"2023";"73832";"2022"
"971";"01";"2024";"Usage de stupéfiants (AFD)";"Mis en cause";"1365";"3,5532070";"384160";"2023";"237578";"2022"
"973";"03";"2024";"Usage de stupéfiants (AFD)";"Mis en cause";"931";"3,1667098";"293996";"2023";"100424";"2022"
"976";"06";"2024";"Usage de stupéfiants (AFD)";"Mis en cause";"230";"0,8966232";"256518";"2017";"73880";"2017"
"01";"84";"2025";"Usage de stupéfiants (AFD)";"Mis en cause";"1544";"2,2727808";"679344";"2023";"334271";"2022"
"05";"93";"2025";"Usage de stupéfiants (AFD)";"Mis en cause";"566";"3,9451581";"143467";"2023";"140963";"2022"
"07";"84";"2025";"Usage de stupéfiants (AFD)";"Mis en cause";"585";"1,7502865";"334231";"2023";"211903";"2022"
"13";"93";"2025";"Usage de stupéfiants (AFD)";"Mis en cause";"17356";"8,3136223";"2087658";"2023";"1078388";"2022"
"18";"24";"2025";"Usage de stupéfiants (AFD)";"Mis en cause";"592";"1,9821871";"298660";"2023";"179778";"2022"
"2A";"94";"2025";"Usage de stupéfiants (AFD)";"Mis en cause";"237";"1,4081494";"168306";"2023";"126686";"2022"
"2B";"94";"2025";"Usage de stupéfiants (AFD)";"Mis en cause";"198";"1,0578053";"187180";"2023";"138794";"2022"
"59";"32";"2025";"Usage de stupéfiants (AFD)";"Mis en cause";"9534";"3,6450040";"2615635";"2023";"1262771";"2022"
"70";"27";"2025";"Usage de stupéfiants (AFD)";"Mis en cause";"191";"0,8190921";"233185";"2023";"129885";"2022"
"75";"11";"2025";"Usage de stupéfiants (AFD)";"Mis en cause";"21176";"10,0657008";"2103778";"2023";"1399122";"2022"
"90";"27";"2025";"Usage de stupéfiants (AFD)";"Mis en cause";"429";"3,0587145";"140255";"2023";"73832";"2022"
"971";"01";"2025";"Usage de stupéfiants (AFD)";"Mis en cause";"1612";"4,1961683";"384160";"2023";"237578";"2022"
"973";"03";"2025";"Usage de stupéfiants (AFD)";"Mis en cause";"785";"2,6701044";"293996";"2023";"100424";"2022"
"976";"06";"2025";"Usage de stupéfiants (AFD)";"Mis en cause";"283";"1,1032364";"256518";"2017";"73880";"2017"
"01";"84";"2024";"Usage de stupéfiants (hors AFD)";"Mis en cause";"446";"0,6565157";"679344";"2023";"334271";"2022"
"05";"93";"2024";"Usage de stupéfiants (hors AFD)";"Mis en cause";"338";"2,3559425";"143467";"2023";"140963";"2022"
"07";"84";"2024";"Usage de stupéfiants (hors AFD)";"Mis en cause";"464";"1,3882614";"334231";"2023";"211903";"2022"
"13";"93";"2024";"Usage de stupéfiants (hors AFD)";"Mis en cause";"2936";"1,4063606";"2087658";"2023";"1078388";"2022"
"18";"24";"2024";"Usage de stupéfiants (hors AFD)";"Mis en cause";"256";"0,8571620";"298660";"2023";"179778";"2022"
"2A";"94";"2024";"Usage de stupéfiants (hors AFD)";"Mis en cause";"184";"1,0932468";"168306";"2023";"126686";"2022"
"2B";"94";"2024";"Usage de stupéfiants (hors AFD)";"Mis en cause";"227";"1,2127364";"187180";"2023";"138794";"2022"
"59";"32";"2024";"Usage de stupéfiants (hors AFD)";"Mis en cause";"4377";"1,6733986";"2615635";"2023";"1262771";"2022"
"70";"27";"2024";"Usage de stupéfiants (hors AFD)";"Mis en cause";"278";"1,1921865";"233185";"2023";"129885";"2022"
"75";"11";"2024";"Usage de stupéfiants (hors AFD)";"Mis en cause";"6899";"3,2793384";"2103778";"2023";"1399122";"2022"
"90";"27";"2024";"Usage de stupéfiants (hors AFD)";"Mis en cause";"152";"1,0837403";"140255";"2023";"73832";"2022"
"971";"01";"2024";"Usage de stupéfiants (hors AFD)";"Mis en cause";"760";"1,9783424";"384160";"2023";"237578";"2022"
"973";"03";"2024";"Usage de stupéfiants (hors AFD)";"Mis en cause";"198";"0,6734786";"293996";"2023";"100424";"2022"
"976";"06";"2024";"Usage de stupéfiants (hors AFD)";"Mis en cause";"110";"0,4288198";"256518";"2017";"73880";"2017"
"01";"84";"2025";"Usage de stupéfiants (hors AFD)";"Mis en cause";"475";"0,6992039";"679344";"2023";"334271";"2022"
"05";"93";"2025";"Usage de stupéfiants (hors AFD)";"Mis en cause";"288";"2,0074303";"143467";"2023";"140963";"2022"
"07";"84";"2025";"Usage de stupéfiants (hors AFD)";"Mis en cause";"504";"1,5079391";"334231";"2023";"211903";"2022"
"13";"93";"2025";"Usage de stupéfiants (hors AFD)";"Mis en cause";"2755";"1,3196606";"2087658";"2023";"1078388";"2022"
"18";"24";"2025";"Usage de stupéfiants (hors AFD)";"Mis en cause";"260";"0,8705551";"298660";"2023";"179778";"2022"
"2A";"94";"2025";"Usage de stupéfiants (hors AFD)";"Mis en cause";"261";"1,5507469";"168306";"2023";"126686";"2022"
"2B";"94";"2025";"Usage de stupéfiants (hors AFD)";"Mis en cause";"240";"1,2821883";"187180";"2023";"138794";"2022"
"59";"32";"2025";"Usage de stupéfiants (hors AFD)";"Mis en cause";"4234";"1,6187274";"2615635";"2023";"1262771";"2022"
"70";"27";"2025";"Usage de stupéfiants (hors AFD)";"Mis en cause";"325";"1,3937432";"233185";"2023";"129885";"2022"
"75";"11";"2025";"Usage de stupéfiants (hors AFD)";"Mis en cause";"7309";"3,4742259";"2103778";"2023";"1399122";"2022"
"90";"27";"2025";"Usage de stupéfiants (hors AFD)";"Mis en cause";"152";"1,0837403";"140255";"2023";"73832";"2022"
"971";"01";"2025";"Usage de stupéfiants (hors AFD)";"Mis en cause";"730";"1,9002499";"384160";"2023";"237578";"2022"
"973";"03";"2025";"Usage de stupéfiants (hors AFD)";"Mis en cause";"210";"0,7142954";"293996";"2023";"100424";"2022"
"976";"06";"2025";"Usage de stupéfiants (hors AFD)";"Mis en cause";"159";"0,6198395";"256518";"2017";"73880";"2017"
"01";"84";"2024";"Trafic de stupéfiants";"Mis en cause";"207";"0,3047057";"679344";"2023";"334271";"2022"
"05";"93";"2024";"Trafic de stupéfiants";"Mis en cause";"78";"0,5436790";"143467";"2023";"140963";"2022"
"07";"84";"2024";"Trafic de stupéfiants";"Mis en cause";"128";"0,3829687";"334231";"2023";"211903";"2022"
"13";"93";"2024";"Trafic de stupéfiants";"Mis en cause";"4320";"2,0693045";"2087658";"2023";"1078388";"2022"
"18";"24";"2024";"Trafic de stupéfiants";"Mis en cause";"70";"0,2343802";"298660";"2023";"179778";"2022"
"2A";"94";"2024";"Trafic de stupéfiants";"Mis en cause";"87";"0,5169156";"168306";"2023";"126686";"2022"
"2B";"94";"2024";"Trafic de stupéfiants";"Mis en cause";"68";"0,3632867";"187180";"2023";"138794";"2022"
"59";"32";"2024";"Trafic de stupéfiants";"Mis en cause";"1912";"0,7309888";"2615635";"2023";"1262771";"2022"
"70";"27";"2024";"Trafic de stupéfiants";"Mis en cause";"119";"0,5103244";"233185";"2023";"129885";"2022"
"75";"11";"2024";"Trafic de stupéfiants";"Mis en cause";"4971";"2,3628919";"2103778";"2023";"1399122";"2022"
"90";"27";"2024";"Trafic de stupéfiants";"Mis en cause";"67";"0,4777013";"140255";"2023";"73832";"2022"
"971";"01";"2024";"Trafic de stupéfiants";"Mis en cause";"275";"0,7158476";"384160";"2023";"237578";"2022"
"973";"03";"2024";"Trafic de stupéfiants";"Mis en cause";"935";"3,1803154";"293996";"2023";"100424";"2022"
"976";"06";"2024";"Trafic de stupéfiants";"Mis en cause";"70";"0,2728853";"256518";"2017";"73880";"2017"
"01";"84";"2025";"Trafic de stupéfiants";"Mis en cause";"280";"0,4121623";"679344";"2023";"334271";"2022"
"05";"93";"2025";"Trafic de stupéfiants";"Mis en cause";"78";"0,5436790";"143467";"2023";"140963";"2022"
"07";"84";"2025";"Trafic de stupéfiants";"Mis en cause";"101";"0,3021862";"334231";"2023";"211903";"2022"
"13";"93";"2025";"Trafic de stupéfiants";"Mis en cause";"4554";"2,1813918";"2087658";"2023";"1078388";"2022"
"18";"24";"2025";"Trafic de stupéfiants";"Mis en cause";"60";"0,2008973";"298660";"2023";"179778";"2022"
"2A";"94";"2025";"Trafic de stupéfiants";"Mis en cause";"142";"0,8437014";"168306";"2023";"126686";"2022"
"2B";"94";"2025";"Trafic de stupéfiants";"Mis en cause";"137";"0,7319158";"187180";"2023";"138794";"2022"
"59";"32";"2025";"Trafic de stupéfiants";"Mis en cause";"2114";"0,8082167";"2615635";"2023";"1262771";"2022"
"70";"27";"2025";"Trafic de stupéfiants";"Mis en cause";"143";"0,6132470";"233185";"2023";"129885";"2022"
"75";"11";"2025";"Trafic de stupéfiants";"Mis en cause";"5570";"2,6476178";"2103778";"2023";"1399122";"2022"
"90";"27";"2025";"Trafic de stupéfiants";"Mis en cause";"80";"0,5703896";"140255";"2023";"73832";"2022"
"971";"01";"2025";"Trafic de stupéfiants";"Mis en cause";"268";"0,6976260";"384160";"2023";"237578";"2022"
"973";"03";"2025";"Trafic de stupéfiants";"Mis en cause";"532";"1,8095484";"293996";"2023";"100424";"2022"
"976";"06";"2025";"Trafic de stupéfiants";"Mis en cause";"96";"0,3742427";"256518";"2017";"73880";"2017"
"01";"84";"2024";"Escroqueries et fraudes aux moyens de paiement";"Victime";"4012";"5,9056973";"679344";"2023";"334271";"2022"
"05";"93";"2024";"Escroqueries et fraudes aux moyens de paiement";"Victime";"903";"6,2941304";"143467";"2023";"140963";"2022"
"07";"84";"2024";"Escroqueries et fraudes aux moyens de paiement";"Victime";"1705";"5,1012623";"334231";"2023";"211903";"2022"
"13";"93";"2024";"Escroqueries et fraudes aux moyens de paiement";"Victime";"15053";"7,2104722";"2087658";"2023";"1078388";"2022"
"18";"24";"2024";"Escroqueries et fraudes aux moyens de paiement";"Victime";"1643";"5,5012389";"298660";"2023";"179778";"2022"
"2A";"94";"2024";"Escroqueries et fraudes aux moyens de paiement";"Victime";"721";"4,2838639";"168306";"2023";"126686";"2022"
"2B";"94";"2024";"Escroqueries et fraudes aux moyens de paiement";"Victime";"936";"5,0005342";"187180";"2023";"138794";"2022"
"59";"32";"2024";"Escroqueries et fraudes aux moyens de paiement";"Victime";"14373";"5,4950328";"2615635";"2023";"1262771";"2022"
"70";"27";"2024";"Escroqueries et fraudes aux moyens de paiement";"Victime";"1306";"5,6007033";"233185";"2023";"129885";"2022"
"75";"11";"2024";"Escroqueries et fraudes aux moyens de paiement";"Victime";"24278";"11,5401910";"2103778";"2023";"1399122";"2022"
"90";"27";"2024";"Escroqueries et fraudes aux moyens de paiement";"Victime";"715";"5,0978575";"140255";"2023";"73832";"2022"
"971";"01";"2024";"Escroqueries et fraudes aux moyens de paiement";"Victime";"1544";"4,0191587";"384160";"2023";"237578";"2022"
"973";"03";"2024";"Escroqueries et fraudes aux moyens de paiement";"Victime";"693";"2,3571749";"293996";"2023";"100424";"2022"
"976";"06";"2024";"Escroqueries et fraudes aux moyens de paiement";"Victime";"455";"1,7737547";"256518";"2017";"73880";"2017"
"01";"84";"2025";"Escroqueries et fraudes aux moyens de paiement";"Victime";"4326";"6,3679079";"679344";"2023";"334271";"2022"
"05";"93";"2025";"Escroqueries et fraudes aux moyens de paiement";"Victime";"1018";"7,0957084";"143467";"2023";"140963";"2022"
"07";"84";"2025";"Escroqueries et fraudes aux moyens de paiement";"Victime";"1854";"5,5470618";"334231";"2023";"211903";"2022"
"13";"93";"2025";"Escroqueries et fraudes aux moyens de paiement";"Victime";"15875";"7,6042149";"2087658";"2023";"1078388";"2022"
"18";"24";"2025";"Escroqueries et fraudes aux moyens de paiement";"Victime";"1881";"6,2981317";"298660";"2023";"179778";"2022"
"2A";"94";"2025";"Escroqueries et fraudes aux moyens de paiement";"Victime";"760";"4,5155847";"168306";"2023";"126686";"2022"
"2B";"94";"2025";"Escroqueries et fraudes aux moyens de paiement";"Victime";"892";"4,7654664";"187180";"2023";"138794";"2022"
"59";"32";"2025";"Escroqueries et fraudes aux moyens de paiement";"Victime";"15011";"5,7389506";"2615635";"2023";"1262771";"2022"
"70";"27";"2025";"Escroqueries et fraudes aux moyens de paiement";"Victime";"1458";"6,2525463";"233185";"2023";"129885";"2022"
"75";"11";"2025";"Escroqueries et fraudes aux moyens de paiement";"Victime";"25014";"11,8900378";"2103778";"2023";"1399122";"2022"
"90";"27";"2025";"Escroqueries et fraudes aux moyens de paiement";"Victime";"723";"5,1548964";"140255";"2023";"73832";"2022"
"971";"01";"2025";"Escroqueries et fraudes aux moyens de paiement";"Victime";"1885";"4,9068097";"384160";"2023";"237578";"2022"
"973";"03";"2025";"Escroqueries et fraudes aux moyens de paiement";"Victime";"697";"2,3707806";"293996";"2023";"100424";"2022"
"976";"06";"2025";"Escroqueries et fraudes aux moyens de paiement";"Victime";"427";"1,6646005";"256518";"2017";"73880";"2017"
